Name,Labels
001635ad25319bab391e9720914bc7d315fdf2dd6fd247d57a928047c42e9c19.jpg,Nan
006654cba5a34b7eea4520967ff299aa4b58eb66f082425912b6a3650b235646.jpg,Nan
0085b878b630dada4e6a732bbfd52352d61139b6f97cab933cce4ea76d44b65e.jpg,Nan
00989438dd76890eeba995a0881d60affebe7f1c11198430b51a9846ef88c3ca.jpg,Nan
00e37307c4ffc865f8d9e04abec5fac8ea7a2e42c753e7fd28a67ebc3f3a7f37.jpg,Nan
01ba7e1a60345fb2913fd488b699542f233e425c0d9d72650eb8d7598783964b.jpg,Nan
01c69561edc07bbeddbe06c362a881e25b4bc0b9fb65f0e144cb99a88094135b.jpg,Nan
01c930b2db05ce72363600528ce8edb63ce6c8c91d1a3e670553e78ff31f0a54.jpg,Nan
025f809d562392cd7acdec3fd611e7996a94f178d7b6626e459a0ae16b3fd1bc.jpg,Nan
0277f8a599b1c2ba9bf912bb7a09d236574dbf56c3c605bc26f13653b265795a.jpg,Nan
027ede6e19cb30a816dae638a168da10c022b3d1be1699ef907037aa5136b7b5.jpg,Nan
02c7545ad9dbd62f77a712a2cf9a8a751b65facc352467bdc171caa650629dfe.jpg,Nan
02dbc4be25e887173613b87d7963b9cff29535678438701ee691c5046883b7f5.jpg,Nan
0384234d024f5e0c0650de1381e06557e84bbbb434583d9fef84bb98d332c21d.jpg,Nan
0398473d2712bfd9853f3de5a03cc80c7fc1f9fe4d1f511d80c49b12642db239.jpg,Nan
039b1777e4a917b5897245fb38435ebdaf96e29d786fe0c79d79f4c0c9846fd8.jpg,Nan
03a86cb5f1e51142f66967507ebe5bb8a4c83c86fdc9c4a71c9e2769db8c5455.jpg,Nan
03c1ca6d973567a24f6fb5ecba2d2fcc67c013bb480792e59928c3dcbcac0d5c.jpg,Nan
03d10c8a11927449f8fe33760243d04727b5f85b24d4dabf95ded870ca2db152.jpg,Nan
03fae145566cc1e5ba27269f8e1556da433233bcd376e998157448e1251d7fd8.jpg,Nan
043457cc6ebe9d22784a035fabf34e1f2996a0a9d1c2a0c18e3b0fde99b0ac59.jpg,Nan
0458e78811e4664a84bb35366a5c9cc46c2328a4dfda54abaa3a88d232a62834.jpg,Nan
04a4b5d1360b864b188b9bf73b06dbcadfb3f0ea04bc80c8e155df508ee28d0f.jpg,Nan
04a5c4e817a328f07b0faa9c91815827e2e72523ae587eb20313db7e9ff0ba7b.jpg,Nan
04bd791a699c9b279e1f542bd065ff6d2b4d6e0a3908f1689072b770c4bf724e.jpg,Nan
04e39484390e9b91f2c6b1a6e3136c0cf201e1c3845291ec50b14cf732ede06f.jpg,Nan
04ecd7cb408d90ee1cd8dcc73211b3aac024a0959eabe943d0efb79228c7a389.jpg,Nan
05346095d6f55739306ec4fee908a0bad10076391138e495b0919a13ec5add4d.jpg,Nan
054476897baffc461c8342d1c2ab57ae5866c7e70aaf7407d9ec443d072b4a17.jpg,Nan
0549c8d0f915795ef10e99b9c83e3b4fd4966080e1c1031ff000bd61678a93a3.jpg,Nan
05633ca619a916067c27ee7e0c3beae04876b43b324fada0bb530f0ee7b8a13e.jpg,Nan
05695803e7c096f0a76de137e17b2402f9e243f119b8320549c8eafde688d138.jpg,Nan
059e054d922f718c65423b6c03e643a6a6da9b029d7c3f01a895f39d3c75f0f5.jpg,Nan
05a6fc9ed5debf7c59e0f0c501dd84d25154c030b666e9ec8933f7a99fa62c58.jpg,Nan
05ffb05d32ff435804468c32c810ed653ee77bfb4f3ab7d375a4226f0ccd123c.jpg,Nan
0610a42427416caf6d77ae1860b3dc214fd6ecd8516772be7b8ac8506203b7a6.jpg,Nan
061dce43531e2c96daddbf6b0ca8beef335c4fd20f346805916b973e283a3d08.jpg,Nan
06707cd532b5478249f06b10b211eee8a4f9a3aecfc5b92aad2d7876c4caa032.jpg,Nan
068262bd16521fd1709960223428feed3ef7bc67fae3095bc12ac86193479601.jpg,Nan
069ea02ff7f74d16d47ed990594243063c7c071be14e7bf3bb8600feda9d217c.jpg,Nan
06d3badcd022447046da2feac972780a841e14faf9c74e7b41237803ffed8515.jpg,Nan
07cfae4d2bf821f2ac71e9ebc55133b51c5af581cf5e8e152d2d14bc8260900f.jpg,Nan
08095ce9bbf9cb66417fe25e19ed16f41d454a091a0f5714768a84ca22e247b7.jpg,Nan
081bd0dbacd437a25b1511519d8c599b99dffeeadc320339452db4563705eb7b.jpg,Nan
08bbd3fccf998ee5f41fa240482b426131375fd041df060e218fd26b97153ad4.jpg,Nan
08dcc6c05a15ddeb54bce57c84aa522c4f5d142b96d456f6ad1335ec925d2860.jpg,Nan
08e561cb3d58019af0eae50b8c4f64607739c338f351f8abe4ab4482e662b210.jpg,Nan
090468522ab84ad33002fdd1f233da219423aa0c51a86ebfae76b60e73f50a37.jpg,Nan
093a64fea154f4769a9577041a915d755f18ff69d0f9d3b7f9d0ee28aaaa3379.jpg,Nan
09509117a7ea5995afe3f67150acf170a5c6db6d8d1fc5a43a79990e357c3542.jpg,Nan
095251fb44c3647bfdcc5d67cc3326e166cf32364f483be514df12a4b830ea92.jpg,Nan
097f51d0c5d25b06b1bca4fc146c7eefaeff9cce3b86db8bac9930a6e6fdf361.jpg,Nan
09a16650ae46190a9703e54c05a6dcc1d0c4d3ab4ef5619216552088fdf2ed45.jpg,Nan
09b38cd2d8d3bc6c29f3fcc5ee3b220f450b81c02cc68ea035337336186795c2.jpg,Nan
09fa634ca07a2b10298f58b2eda6528a0463941b3af9f0089824349b7f592f01.jpg,Nan
0a1dd5bf556c3a83a76fd68765f37a09e56151b0764e40a3e2cbe8d80e1180d5.jpg,Nan
0a2aab41baa27760624a53f2ff0999cd4649990fc26b6bac00012d9c50da707b.jpg,Nan
0a932f385f6d4606d01b2ab3a6366328fb5fcb1f01b0a57baafaedcc426bbb75.jpg,Nan
0aaab502abf1e1bd46e3f010332c4f9763d691cd4afc73c51c4b3fb049506989.jpg,Nan
0ac9cada46b4a6c5ec7747faa4a128602d28ad1bce4a75b12937c049d5d07b83.jpg,Nan
0b1dbfebd20df1be5c5441d833a31aa1148093f6a162097079e108bc9adf2cc2.jpg,Nan
0b97711f8ab410d83d5ca685b541b7f86e2522a861872a157deb1c88819c4deb.jpg,Nan
0d663acb98c4e84d35f8fc61bf011bc37755561250347f85c104c7bbc736c4d1.jpg,Nan
0e14f0446e84ec2bd47f19c982288f006a9858a7e3ac2f1d9b236585d35405b8.jpg,Nan
0e66c406f271b9638d135bb62232b430a1affd1cbc78064ab0ceccbf9333c4b9.jpg,Nan
0e825c0f5409e034f08fd258cf05e611eefced56f29b0b8826a519f2ccb7417f.jpg,Nan
0f09b5d946b0d622b30fb6b87420bb935819a6de32c8ff205c32b24111364426.jpg,Nan
0f6b0673c705575a8a64befb62bec226950c5f3b67d4adc20b6d096495b12591.jpg,Nan
0f795f5da62753c89735a082bdee305a03f4dca3d0abe82fd119318da72c2a3b.jpg,Nan
0f90c288a1b0c0bd2ab74d1de4b45482531452fb34c95509ef130105857f4479.jpg,Nan
0f9ff0d7253a9b28bbac999ac6acaf01b137b487a406e8f4497b2dacb9fb3d37.jpg,Nan
0faadf6748649a43a03c6df3f8e7490c2b0a3e7c0ed665ccd01ac02af2016470.jpg,Nan
0fdb8fa459b33160db3342f7c43874bccf9c6a37b71bea099835bb7247693e5b.jpg,Nan
103c38720d1bbf9f529f42c66c4bcd9899706222113d9e107c304f6108960357.jpg,Nan
106c21a097126c2c618d928963ae26a715fabb69c96754b2d4d6dae236a48835.jpg,Nan
120340ec0b8b6a8256f679810c5d8ad1aaca0253733d2b317aa9f6c4461270fc.jpg,Nan
12146c322c4ba29d55162de697e09a9a64912259e1b2add2cafb716ca5a6ff7e.jpg,Nan
1237f9e787c833a66273751f3ab275753e85291f684f7a64191c76879b32fc3e.jpg,Nan
127dbb952ea4c24baafcfcf57b048bf05c0d1fd755d4f2967679514b465e6a3f.jpg,Nan
129219139618c65847d704c85c2c59bf43b7e37e95a6e5bd4986e08121a74089.jpg,Nan
12eedf01c1856ebc4417c6efe864f054eab8c6464937c0a315e13c99075fccad.jpg,Nan
13cf356d48b6616735948860cc22573b313e704e62aeef6aa6ac43d6da256a4d.jpg,Nan
13f379ef38722fc684239ed595b32b7915494382e5db6691b590c220495da91a.jpg,Nan
14201a0f4a193f5a870a650b1918529f6092cd1cfdbc7fab83604cf0dbc785b8.jpg,Nan
14a47ecddae3c9fbbc108ed91a56c919177e9f7957f1ab17ba47870696be1e87.jpg,Nan
14c9edfd0d1167c57952a45f0379353d2af5bc93e934c49f7abd2530bbcb64f9.jpg,Nan
14d26d00a9a3e5e305befa883058d7bb160f0fc7f9a55d3a7f4817b269db851c.jpg,Nan
14d84db8cd662a1633e0129c0dc6aba4b652b8dd34d0a21a2ce23280fb2580e1.jpg,Nan
14e82e5c5df0c5275acc13b0a59a1c81f2dd4a95c6973b4344a36e0e2be41124.jpg,Nan
15332cf4e9d369572a0725dd9cf9d7a51ed049c11c937b39553fa9fa130a60d9.jpg,Nan
153b306aabb685fb59ed510f019ef97dac137fc00840180563619f476dc21c74.jpg,Nan
1564a714fb84bcb7745be725711be4cfc421b22f486c0013f718a05167ab8a03.jpg,Nan
15747f34a055bdaaef5c6622b8c46174a4e80d005bb138a6140ee53d56af6a6b.jpg,Nan
157a32f90e9d10b05c94ae8828483a0f7c90000fbd0fca18e2316a30af222f3c.jpg,Nan
15c0f3dba28da3bf38d39583316fe59e36859356eb057db482426e800af06fac.jpg,Nan
16690dc82afe18c9f469bb6a6f80ef456186c9f8e3a1a61dbcd0957f581b2f17.jpg,Nan
169ad12f9a386ee735f15d6536f3860d2fec5a6bfbce7af921bd1cd89976fa6b.jpg,Nan
16a13fdd817824ed6c58abc5293adf6a3d0bbe52af78582f784759cceca459bf.jpg,Nan
16a48911bca35343d21e02870e6666f5c949430ba5f5e4aee5d95bd498d28f82.jpg,Nan
1789934f3801de8cd5b6f2d093253f40410dc1617ff4c8f8d1ce2a5fca74fa99.jpg,Nan
1795b7490e93269e16b334c6fd5e49a155d5671db711ff7c712c18ab40d508ec.jpg,Nan
17984bd2178fe66127d55ab2dea85ecbaa59dee6e52a7a52c1097c884521dd3a.jpg,Nan
17b60b0f0beee28c3383a7d2e2c777bea71e91d19e73207142e9b0174c7ab058.jpg,Nan
17e83ca6c72ce97ecabb62cdc597d8f78c7d504645e150d4213f6258c0a8922f.jpg,Nan
185163dea5f08422d35981388b7ba2eca8c4c3e2e0f7e16536f022f3e2e5396c.jpg,Nan
1979603729b21ad1e0311a23d1b32b6cda5bb05eeb6f8ef59eb2d24c7ca3016f.jpg,Nan
19853257c42e0bd8bc334d35728fbb8b38c521c019f93efb8d2bc0d30bf8c8b2.jpg,Nan
19ccc30a26bf74cdf51b0d19475e9b85bb07bc34b7c7c762680546fa01a2c095.jpg,Nan
19fceb33c4d45435b99733aad405ca401edccb2439a82d51d9ff787ed5875b10.jpg,Nan
1a56ef4eaaa3c9bcb14c43292c2b236842c22c6e0dba4a0b57024c07b079379d.jpg,Nan
1a87e360b7a4153c382ae9b651691dea21eadc325c5e4e7e999858735a31ac55.jpg,Nan
1a92be5fd8025a627ebc7a83f9452fe6335712ab9bdc35ae18729a95e2956e36.jpg,Nan
1a99cc76bf045a7c4835725575d79c2a4f4f3d3251c0b7d0ccc38d939753c15a.jpg,Nan
1a9e94942283d1430e8b60b927bec349dd45e5bb88c4aceab6ce463e4b1ce544.jpg,Nan
1ab304f891f6e1d23f5558f7df7ce0c3fa638f6f387b84983f009691f643739a.jpg,Nan
1ab439769a21abf809408be9ea00857d1b1a05ff1fac4b4bc4d2300437edd4e2.jpg,Nan
1aef8410e087912f8f4e14d378252b954ce05bb5aa8b49adce4107d9fa3dda0e.jpg,Nan
1b2043afb946ce5f144a7103baa228fcdf36a12e33f336764af05f154d376e66.jpg,Nan
1b51e16f9e9610096813fbf3c018805026e65e8c0449a4c076c95fb22c2a473f.jpg,Nan
1b91ead6776d3353106cb71914fb2cce6654cc6c85da904b325812bf5efd3224.jpg,Nan
1bab6f57d7793661f33de1776afe6693f71b8f8af456f096e3d92241db146867.jpg,Nan
1bc8d2687011642056861ac1a80df1ddc93cf7cf0ee8b4f108562ead3ffd2f4c.jpg,Nan
1c1722b63323094e02145614682c84abbeb1c78ea5139670bd5192fcb86a67d4.jpg,Nan
1cb0c3f70eabc6486b1cb780f79604fbce45862ed7391c3bd0be34462728e95c.jpg,Nan
1d7000bd077ad8e124ff2111c9bd97380fdf6b91587d1c8c5e22978050f8739b.jpg,Nan
1d7dc8b2b8829c2f2cba450cbf9a0d42f6c762bacf72ab681fab3e6f76e485ab.jpg,Nan
1d8e7e69bd7e2319e1cbec5a2583df15ff879bedd8a1b49b2e67f7d35e5345f7.jpg,Nan
1d9b10de43ca46669e8150404739564c6e34c5d61f42a4016cffb6822fcc25df.jpg,Nan
1da51dc84b19eb345f44e41d2813a07438fb1bcdb0cf05333827721b7c6c330a.jpg,Nan
1e715011177ca92cd4c4c17cdecb3ce87e113d2bdf392bc77e0315c5ad797bfb.jpg,Nan
1e791b6c7e57997ce37a9e970a350566f5e2bab0fd93227efd7987a8f635c868.jpg,Nan
1ec1e88fcfb69eff4c09531ecb3e9be9d3261e03eff1f4e9d4a483b99d730340.jpg,Nan
1ec6197bd0c39f542596a8e209a25debd331424ce9e729c12d9a4a33ebb31d56.jpg,Nan
1f154fdce113c559f8477d2721cb8d1e233e4383c3b37ae49bb60c1af43c83e5.jpg,Nan
1f430458cbdfc9f82c8126c43332aada4be5cde2cc1a116765f26473ffa3a94d.jpg,Nan
1fcb28d092ac2763a9110ef8ea3f43350a7fbc7fbf06722bd2e19553a6ecd07c.jpg,Nan
1fd412bd0adb52a647198bc3a28c4a2d5f4449966e364fd16da86ee01f9df43f.jpg,Nan
201f2e386462032702d3400edb967cc37a5dcaf2934851b73c30fb7630855a0b.jpg,Nan
203167855908da4aa404301875b4d021561556da39e88bfcadcda96be67ba72a.jpg,Nan
204abc6eac396076ce6435573e973db6e9173f6f082d0102ea2abd663bbd89bb.jpg,Nan
20810290e3bb85bcf4bc52d989c70c22c249e1de21b9d79024f844e0f9ec818b.jpg,Nan
20fdb5febbc364ace15cdcb3f4142683e94a165b019adfbb93dac7b36aad329a.jpg,Nan
211d0e666b29077e45e8b1c8863bc828b2bc3b77050733e5badd722d052a755a.jpg,Nan
216733dac87c204804c8c18e6238b68fc791664e7ae8f911d0a6008a0bcbd0f7.jpg,Nan
21d8fb6a8ff4890aeb33dea44d361075e9be723a36a6120a2e5081ebe6d7756c.jpg,Nan
225ca73488072a979863be8f6be13da44755fa82ea0573595c0d9a2e99f7cc21.jpg,Nan
22698d7afd0836322b651414fe7eab7c11e1b2f7bc452230d08322c2a15b497f.jpg,Nan
22a3d7ffad1ff18e56f0067f54d2fef5f35f02be3b0ebcb7a86777ae65b5c8d7.jpg,Nan
232319e7696b4f91d9b7efa9fb8294b30d5a0842c3b3934faeb4199a37e0a886.jpg,Nan
23e628b6dd15e8ab3f55c8508f3dab89fde99b80f0e2838e132568c6ec929bca.jpg,Nan
242720b058b119120cde7c0f2c87aee3d613e20a01fd5ba0e80b8b3ad461009c.jpg,Nan
245ae5b76aa87be2c7bf8128c88eaa7b385dcbfacfe78c988fd3c47d88a55209.jpg,Nan
24c22548d019ff3659070ce8e0edfc7270a9fa3733e74daf32f49168ba71b50a.jpg,Nan
24e37925771484816f4ae3fad666f9e19cc6ade94bf0676396dcbc032c0301ff.jpg,Nan
24e96ccc6720ae763d3b1a254a4048b145ca638cd207d650a962fe2e2f862337.jpg,Nan
255b05be0c7515b19188c80fb9544cb227fe60b51b29bbb92a7c4ad8486075c4.jpg,Nan
25684693413fc05195b8b4b2ed7b1940cb73351c2de5a65debed8e291f2c27dc.jpg,Nan
256ae3a02424eb73326e8e19fccc5c907a32829eb18ed9a025fc290c2af0ed99.jpg,Nan
259f42db24936923ef0c71845a9487c7f031498813ab7180c9f79e22d24071cb.jpg,Nan
25bc6faa8c5b9e06608be05cf071768f84c0a36cc60eee90f31784fcb7a66359.jpg,Nan
25fa17fccedef8c355af56990e86e7cdbe5854908ca11dacae9034d7c2a6d988.jpg,Nan
261d3daacdb7512d9f259377e1015f7e1e7509cf9f8dd7b3ccd0a70f335cc278.jpg,Nan
263d1bd672118d2fcd052d9d3aa6e97548ae48a4572618abec68af158ca68f6f.jpg,Nan
2649bdc28c37e53cd612ad9e55233b35ebfe88bbd2b2b8497876d54a370aa80f.jpg,Nan
267271057302b311169d0da5c22272884b5894cf1e676ca511e6ed7b215ffe33.jpg,Nan
26a361fa9cb81b882a527fcf551ef0c1d798484e0672f01e936d971d933e2306.jpg,Nan
2711fe31242a0771c2165a302b16bd5d09c86690c3a0f42e1dd68b49002ebb1c.jpg,Nan
27426679a79af95b6ac9b668f7888cd30d82027ab125baed7f8222a8e4f48764.jpg,Nan
27949269891e24383404f43fdb82abf824ff5557d6857b8b49b0d4f571067783.jpg,Nan
27f8cfe617c9b5eb940445a1ee5451312fcc51e84f2002f2e24ae35c9b0982b8.jpg,Nan
2823fe1555efdc22d71974daa0c57bbfe9e01b545148d3b122a3e0368814ad89.jpg,Nan
2829c918e737bed02331f1a36ac32799c998c4ba87971ba32a21a2bb7872837a.jpg,Nan
286ca6b5da648ea87066a7173f5c54b91f04b38388f3a73c3278336addbd0c93.jpg,Nan
29265c3d46a1d40ddce0ea6a8b3bef5e6af06617c37c3e14c67d332fade6d1e7.jpg,Nan
29744c5bbb7fa6b9d8d390cb13a7379fe589dbefcebb8c634fa53cd86df2069e.jpg,Nan
29914f6fb6c24bf87ff667abb689db2c170ed1a252da75cdb374a0a37a06ef3e.jpg,Nan
29dc801a625163f1616f5687a8e18cb2ed20f3a3d0769dd63f6687f4ef51e617.jpg,Nan
29e28d244872a80cb919f92fb67d754d35d0fbacbacfef9b1c273d0489bca5ed.jpg,Nan
29f78c6d90fb7822dc7886c54c3d88c37d0807edcc4a7d0b58a9b7a9045dc039.jpg,Nan
2aa9bc112eaae10b9c42f71e6cd153cff927b72a4978beaef247cf53001dc6df.jpg,Nan
2ab14cec38386b5564dbce90cec9f1333e5d6ac4c036059a1c81d49608077f07.jpg,Nan
2ad3f99dc5b363d0ff0df8aa616c75e9b391835f6b45c84eff6cd1c7fa5dd052.jpg,Nan
2ad776910378decd6af2aafe49b709a76aab00648d71099526583ed3677d9926.jpg,Nan
2b581a41591f57d5a6f40154a7d4ac24c7036518c2a60bcdc1ff2a9dab22d9ae.jpg,Nan
2ba638d0b7e6b384b87125a40867a5efd8b7c92d41f0b517e40daa3c7a62694f.jpg,Nan
2bb6c43530a85fad6455f9312e450ab9697bc4a2068e7f70b2618043a3fd3c85.jpg,Nan
2bcb132c7e1d59a777fc1f225ffc5138c8ecb536bbeed1bbea37f12796ec6181.jpg,Nan
2be96f5e6145d18c68705f3b3ab2c086922c5c04073cc225622dacffee3aa985.jpg,Nan
2bed97ecb760d38ac2e304a3947a87ccd9d8e3545563df2749f7ae93e713b049.jpg,Nan
2c1c34e17f44639f66fbd89b58af442311ff405efc77d6a0a5e727e68fea0b14.jpg,Nan
2c21b3d7119017535c1f640b100468e5a17a6ea8e4096932be6960c2ff5a49b4.jpg,Nan
2c8e432e67d572351120c5870d06d4097bdde4161a7799fbd9ff64ba71ac5e1b.jpg,Nan
2ccf2614b584fc2ef9722963908f1c7a36476b47687b0973211a1051347c615c.jpg,Nan
2cf9a4905b3331384395be78cbbc16a7197c7fc8eefe600dce3b2971de1a5a3c.jpg,Nan
2d1c1d06f501ae2c54720103ccc29ea449371f7db888ea5afd1548340ac5aa7f.jpg,Nan
2d4c2241b48bab78e6ef5f0e8e810cbe7b6ae3b67589e22f3278129b31eb8865.jpg,Nan
2d780d8228e431732881ae5c28539c3e861d0a4892ae9e5bfc6665f4aa2878d5.jpg,Nan
2da6ba50a39581313e96399656bac33dd529bc80d2025a0bbdef0b96f3dc2545.jpg,Nan
2dabfd53ad94bcec07f42c197f3fdfc19eeb9e9da3753c36692d27db9d745e1f.jpg,Nan
2dd830b9b3799b59fab3952e241f7181e5ef725713f9d8e8610a64ab1be66372.jpg,Nan
2e16089ee25b29cdd3686273681f6bf500dfba75ff6330ae1c6fefa73b2149c7.jpg,Nan
2e7caf59bc01b006bc02da5ebae7bd42973675e1c6f63c749fb5ed58c82f4bf7.jpg,Nan
2e8212ba0c8b6d6c0ab3873a2469e14336064877079873451777dc8bdc67536b.jpg,Nan
2edec420a4c0982e3494ce0bcbc93c6b1b8bebfe5ed31beaf9e15d8c71de60a8.jpg,Nan
2f3164b02071f4fae8da25453d91e542b22b75b0a21142d1e0042cf6362f0b4e.jpg,Nan
2f3cd735776bcfeb56936196f58fe59deef8c46e374cdc6c331ab14f6449892c.jpg,Nan
2f4ab2e45756a1bd5738b34b0f08c668c51111a9a6156eb08cd84dffbdc35749.jpg,Nan
2f732e5bb4bd1f901332ee7e811353f4b1acd1da3c94453e6d054ad286b44fdd.jpg,Nan
2f887976ba5ba6eb46b2a8070007f5f3a19d1a3b2a15448f02a589ad970f758b.jpg,Nan
2fa4da9e99c31bd49042b3447dedd7984982d41feda41066bd1eae8f329d9f36.jpg,Nan
2fb6d693249b9b4af99f24e80ffc058bca92228f4a89fdb85106be6fb78c74c7.jpg,Nan
2fd01964f110c5593177b69a8a3f7ef3f4c747a664dbc698c4c4e3f3711e46de.jpg,Nan
2ffcf165d5990112aaf737a98c3d2b02de3d04f70df5b72dbc53695bcf2ac8e9.jpg,Nan
31323d7fdd5f9dbe4ed68593ca1f2d8ceb0001a32ee39ba1f3dea024419def85.jpg,Nan
31ac44276f20b6f1e2101b884eddac07228083f5153277cf09829f1af0d7288f.jpg,Nan
31e9cb252c124137535db6f487af41b3f214b305bbef141fc937e39067536c2e.jpg,Nan
32384da3d76b30171bfb15616b350d06a484fa896f5e92b43f0eb67448bc3487.jpg,Nan
3273bbfe54f5e05a89a2525849eafcabd34bc9b689069c8a073484baf3805e48.jpg,Nan
3291c94f3b095f2b34a68015bfbac4d7339ec13b5945d508bcc56a601edfafdc.jpg,Nan
32bb7fee9ab3038bd098dace84a225653e62eff9f2347be4739802591510afe7.jpg,Nan
32e78af7b3cf453d7fbe23ed8ae612fa13b4b5cfacf807c469fc7d94f6f4eb36.jpg,Nan
3358d47b45c53f4d4034f854852b79d243b09be571d4767f1600436f8616dfa6.jpg,Nan
3384443f4314d174a97274d57c72a21465ac3a1da5edd4c01ff49ca8b2f4f0cf.jpg,Nan
338f6c0f215cb8053ffef3c57cadf45be62d2ec6939a63787b665f4ff6bad52b.jpg,Nan
339cb71efce35546b3b9c2bf62045c79a3f149a9d810b7369212a265d8a7beba.jpg,Nan
33a9841b54116c4df8f254738254ab5c67c750a3ae5e78370ec5079de015da3d.jpg,Nan
33d371e59279fae8b75d58db630937331d67d2b4a63b30224830ad43b7d76150.jpg,Nan
345c75e136fb727256d0baf6b3b079102ec04b75b0493944c1ecd91db70fbca6.jpg,Nan
3547595d1df1f052750fc3962a8c505d2e3e3ba8490a513b4a98d357631c2046.jpg,Nan
35b7373a78d508b7ec8a8a49db42e3171d063714732d505b0bce1e78bd9dbe5b.jpg,Nan
35ed9c70009ebd1e8a3b2500d7dfc7d644f1f3f511ff6b0e1fa8b43b7b20ca81.jpg,Nan
361623721658979710aa16d13dd45982585474423401764e9c93becc2bce9d84.jpg,Nan
3619207dc7ffc5e3726c9cd9af91c7628b93090ccec8ae7ef5d216aa8b6e6b76.jpg,Nan
366c13ccb37aa7bfb521aa2427c8f968de2d7a53472c7c0e60d91ab86d7bb6e9.jpg,Nan
36f69fc614d9bf39bd2c868070a5467b4be4d495a0a139469f7ef7c802ac4e9a.jpg,Nan
37047414087ff4e7e315a7d075d24835118708d8dbb95fe96efb42027eec5001.jpg,Nan
37051839c73677df626950be787bff6c5711324fff8424d358f39a35c259f08b.jpg,Nan
370fd6ba387d59f986ef40b651e9d9502a5668a1af5f2c7863d0f05bb83ca40f.jpg,Nan
3731defef6859fce362e13bdba2814ebcfd4905f43c006a9d7f63dfa32b85c4c.jpg,Nan
375f2e928b2fcc7f5706e72380851808b1f762423d40948d5807950b5fafe667.jpg,Nan
37c891108563b3c823941a75f4f078bc412490d6acd9c3b2884333cb687d4334.jpg,Nan
38325dcb9edb6ac54f194d1bfea563b75d7efde93b2c4d0b9fcfcaecdbdc1adb.jpg,Nan
384ed2d5538dfce07586cbe8f583d12f677789909b0a1cf3cd54b0011d564655.jpg,Nan
38cca2cd4fc4ee9e9405ecfdef3d99be251f932fa6e8870bf7bd90c9ec32b26d.jpg,Nan
391ebe78a099e1f2ec7214513569a981e8a53eee790e1b7776219e0e73b8db0d.jpg,Nan
394aa8330439b8c607b6213d2e17c16e768a2968a481fb11a2ea728b865cb480.jpg,Nan
39f5e8c25ebc7c8d759e09a097cb3fbe6673e3cf5c6f4a930b19fb81cd3f1afa.jpg,Nan
3a31951bf674e16305c8ade846b47f7b9f72659b4a413679a1c297bd573af4aa.jpg,Nan
3ac8f2bb655d313cf0caa0eb30de19337f4814223f0a78e9c9fb9c4b5f74ed17.jpg,Nan
3af4f361c630ebc7f907a40b3ac2feaa03624f111bec34c1081d4ae7f06adb9d.jpg,Nan
3b08a7c48c88ad735ace58c28dbcd6d7d2fe1c0dc2e4ed8fc56ca78f8c01d094.jpg,Nan
3b7b4fb656ba6dbe81493d88172637ec20e9a39e79b2f6e42cfc2ac0c2dd4b59.jpg,Nan
3ba9b61fb6245934c889fb6441a59e8f7677c2979b17c02d145e2ccb7eb713f6.jpg,Nan
3bb27ff6d07d7772dadefb6af2d88c744f6f1d97f12dc0e0a5e7a01c2dce37b8.jpg,Nan
3beae9f8eccddc218c0dd954a4d61b8302cd0fcc2977f60c9b31d75f62940b7e.jpg,Nan
3c016ae213097f378bf14fe8962d765e254014036f006a095df418dabb2e6241.jpg,Nan
3c4c060cfdc265fc4af35aa3821eadb22b659205f3c1c42915cc10f841a2d494.jpg,Nan
3c5abc766df67c9c7fe4b29570a210bf35ad526944adfe41426f7ae7024b5e57.jpg,Nan
3c636d94f57c3b6573078757c32ffc3819e349fca4153fd83920dff193d723d8.jpg,Nan
3c9303ec09660b15b2f7b3c4134c7bd9544828337a665ebb7744e25f5f6a4e57.jpg,Nan
3c9837a2b0cd72824b6098c5e964fcd180b7f1127a1fbc426efeb823d859da56.jpg,Nan
3cc35b76745f86b0a711d6103d9004bb512eeba0f81722785af42d0f14ff7e82.jpg,Nan
3cfb0a8746abba3e1ab674de7389a18273018babb320fcb57681e413f4863f1c.jpg,Nan
3d5c88e474d23687b8af487e46c0214d493654d013b8d4d34c48aab512036cba.jpg,Nan
3d8ac51bd2bb748b04ef807528c645c59ceea229d314f73d5cad08c52b137801.jpg,Nan
3d8cd3c0bdc79c07ec571ce460846f99a9263ca7379489ccaec9bc187cd452ec.jpg,Nan
3dfbc863c163d0b50a76d6a49cc3073b223d6b86318bbfb35f8d865ea2fbcd04.jpg,Nan
3e08de8e3a541fec25f62e504d8a394539a75a0b295e28ad07c5145c3e15524f.jpg,Nan
3e8e9142c5c6850d7ac952a3492d97e73f803f7210d25bcca8621a9ccf1771f4.jpg,Nan
3f1108e51dbd8eaf05af6d63adcb0bdfff59a0cd74d795c5d3c106a8962f80f2.jpg,Nan
3f3fc6969a5ae31af9e72f8dc74988e906097a47f01ac3b28bae7643266e8c5d.jpg,Nan
3f7aadd6176f0174f47a333db1b60feb97d4110b2a06495a9c372991a6b4ef01.jpg,Nan
3f863237f7c761c457eaaceafaa7317fbb24af75784d60fa2121dfd0cd71020e.jpg,Nan
3f8dac2b9b14b63d4df0c168dffdf3519df716baf58b058069cb04cd871091fb.jpg,Nan
3fa5377e75b07b6cb07f392352eefc3d9ee00ff0523858f8fb3c2878eaf83f94.jpg,Nan
40086f0963e8a8b3be8b0d8084b95ce62a96f86149074e3a967192cd2fc89aa3.jpg,Nan
402f9dd539a7d099647b9dacbee02383c60bc7a6648995754d0bc00c3b820408.jpg,Nan
406f6aa8f2a19a6d4d0bb75bf97d85cff2b75b30473e8189c370126ac3b5cdab.jpg,Nan
4077066eaf50519b8581c9b8e269c73d4be3bcf0137f62cb09691e8066ed14b5.jpg,Nan
40802d15d24862a45e4ed1f5fa8890c760e12ff0e851dccab395d450a472d9d1.jpg,Nan
40a111783ec54ae3ebfa7beb34fcf637f682f774309d33bb6a9aa2c322287627.jpg,Nan
40ae820ed6093bd6a94a25a94585fe3ecf296a7e8372526c51e5002550c498ff.jpg,Nan
40b706b4a726696c3c1e302c3128937d3190e3db6e4422fb5fb9c8f195fd2b22.jpg,Nan
40c13c2aae4f1abde84a94276a75a3a0a47ccbddd75b8ea9a819a485b9c88a25.jpg,Nan
40cbe43966b61e1ca505bb61bb39bbd92ec4f12990c4a690b531d20312151c97.jpg,Nan
410fd16f2cecf784b63b5512b2a559568b72d1c36fe9291191ceb24933dc086c.jpg,Nan
41327e4c87af2f599e4776e85dab7d0c817bb23b408fe0b59260e6823035b2f2.jpg,Nan
4136c52023da43d437b4ec5180a74b8ee23ec1573e801a0563f656ad1278e7c7.jpg,Nan
41c16970af053d7af84f894aea489cb854ddafa10299792ce0b7c0664a26ac24.jpg,Nan
41c3f624c00c7afd0cf4b8997aa9eb21fa10b52034220e436cbf292965a333a5.jpg,Nan
41d48e31eb1eacf5a4b56f47c465eea320993b20582747b9b0f1ba238c3c8c4b.jpg,Nan
422cf9abd97a93363b8316dd026925d2598d96ede1d3241f9382c2de66645bdf.jpg,Nan
426e9e382a56990a467efb60946cea0793f3b99cba6c01c6abe5cd1cc6cf1260.jpg,Nan
42b3f2f5cd6a65e22c2ef116f9a1fb6fb8000c87e2707aa75032bc6eddaa5525.jpg,Nan
42ba06852a2fffb98ac97e02f016d1937481c45d89f1b361bac517218af1d7b7.jpg,Nan
42bee2a1aceb14c2342bb209e9d0972e3948c67ac06e4ca871a764a47ce81907.jpg,Nan
42eb38b2b8a843c8426b79ee0934a78043e560589cea692d92579ba9173b2ca3.jpg,Nan
434240cea3c20ac29094ddd3e9514fcea9da272e2b33f448e6180a7e3643d467.jpg,Nan
43e240131418235a3c90df4383fef0be9809f4255a19cae1b0b34df2e7f09b31.jpg,Nan
43e614ac4045a181f9e2a65b3aa0fc88ba2d2b0cfa1f7fea0cc4f9624c6db607.jpg,Nan
44146282370b72163191ee0af969ca3280aee8fe3bcc4a9bcdbf8a3f2bb41a10.jpg,Nan
443ad4185af07c21a43fee618f5d49e5c756fb056590725b8912d78d14c82e27.jpg,Nan
44a39ca8fdecb1513886756af7931b8be2a615571fd3ad3f647ed2f3c73ef910.jpg,Nan
4522f2b5d8c8269e77ea8f93c046a5fc557164b5c1e294dbf6f78ab6e4769187.jpg,Nan
453d6b05f489f16bf17ec2507b64c4e075be657ba55c64fda6c101b2b5cec530.jpg,Nan
457649a106e101b0373f5128e41fb5f6e6f60f7e4cc802c23a1597e6d9050bd2.jpg,Nan
462f43820a1d3e30d234f011308219111e102be159b9edc30e67c9070c17dd68.jpg,Nan
463023ed26e183174bff8027e33c3928911438ccf25a08e38e02e490ac6ba6d6.jpg,Nan
464a5524d99956bc101f4586dbc5ed41a1ad8be80525e6c1304ac1f52e2fa8b3.jpg,Nan
4669f09ccd6c2be0e7b2b271383e9f3814fcf6ae5c7aa79afed9d1fdd8caad93.jpg,Nan
466d9d7c4393cf739c55076e15b1d0f90ea2a7c6a29a4d7caa7444fc2c17322f.jpg,Nan
466f5fa0dcd2ca54651949ad9c919076993a69b61d12001b924345d0e07b074c.jpg,Nan
4696cae86a173601a22a9ab0c436a870a049e3b702dda59bd053e3a05336ffe6.jpg,Nan
46d8a936f6c8b03089d2805315dbc7353b7d8d37d28faec0e1031e9ca2c13388.jpg,Nan
47253dac7366948c471d7cc267eed5d5eb2b63fab70b13070e539785165ef537.jpg,Nan
472cfac1597da5a08aecc3f19cd4a7a26ba5a32b352e37c5d19bd97227b2a883.jpg,Nan
4802b77a41b0f2acc2d7c44f49cf57513d86d281903e788833aa6984f3cd8633.jpg,Nan
492c8ce72cee07c97097668c5e2169a96dbbc220dbef4140ab837a88cdcf1a7f.jpg,Nan
493fca6064219957161052962cfb6e6f69d251f8173fb53c2af4d0131c86c770.jpg,Nan
4959ae33ebf2b35f52000f53fb099c69847b28697f04e9bb76d719555734434a.jpg,Nan
49a2cb088604f9cc6f30a6efcd9f862cd37fc41e72913c5ff2ba7c424c345797.jpg,Nan
49a43ccbdb6e7bd2519e8db860c045483d9eb45748b1fd425e34ee7fdc50505b.jpg,Nan
49cd4851cbb26290007fdcea87f801047bfe3b48999b9a07735d2dbe96d99ee1.jpg,Nan
4aac71899ed3251491f5d2c481a690ee79995a52f24df0aae342e446dcbc6616.jpg,Nan
4b4ad09e8cae1ed6c131207f1e811e9847bc9f2678d672bc8f32d847d1945646.jpg,Nan
4b6da3e485a0246302be3403be34b9ef21b8f5555a0bae7f81c9b8af11c0cda2.jpg,Nan
4b7eb59d085c8b8b30ade966f6dea76b3676124d7c0b253cc076cc353a7b7c44.jpg,Nan
4bb17a656bb74f5bced5342e0ca149df917f5ba7b8a5ce2a0f9dd9dd91c63728.jpg,Nan
4bcae943b6aaf12d914623895e38a99bd71c698b0489ff0e7aadab07779fc09a.jpg,Nan
4bef1167e06da233b30b15e628b5c8394f555b74e5cb68b91010d5a86dca9757.jpg,Nan
4c2fb89b761a0ca269250d9079f80be785ae5d4d3582629a8054bf1226099dea.jpg,Nan
4c71d174045ba26d953f919631f6598e1e6bf80e11942e299162ebd9644d96ff.jpg,Nan
4c96857633752a43004f8207cc717d63a8ad27cdc8eab57a569a8ed63cd008db.jpg,Nan
4ca19bc7e92507cf582bb7497b73de3c5498f932bcc2424ac959e5044b173f44.jpg,Nan
4d54ecde07498515841f08b561fcce8a302ac301b911ce60990c6c36607d6d81.jpg,Nan
4d6daad873d5b93a4d9ca3ac3106c194034871115681a5ab54103adda233a879.jpg,Nan
4e359fd4b7db9f720020026b7b13cf7921a5968b44ddcf36848df835e34f6a6d.jpg,Nan
4f1e6f6066ee9d5bb849ddb05d68e6d9588ddc87531cf0cf2cadda4f0f104017.jpg,Nan
4f4fb7e211b32e0e2ad282667630e003ff5e97d68618aebe959136ce02c4e020.jpg,Nan
4f576f219883ccccf5436996e1f48a2e659cd2686079f82675a9c794e55fd798.jpg,Nan
4f63d215f858d477015db12f350ef5fb2496b7b1a88bb9cfd80d7aac32d83f4e.jpg,Nan
4f8355794c7c10e4a9e3662cfc52c7f1146617367e04d4667db9b32583f62258.jpg,Nan
4f9b7aa1b1bda8041220d8264e07b87ef3e3bcc3427537495d346adbb42049d7.jpg,Nan
4f9d607c427d3e2d4c78d2d54832d4dec3a7b6bf16fca9c85d34a639df5b6e8a.jpg,Nan
4fac0fea373889f041dbe3067cea787f3ea4f2fb497c21f92bdfbb31ca0f28d7.jpg,Nan
4ff2d706de4aff2d052da0dfde29a520153a52b0f79be482aa799e2bea099622.jpg,Nan
505e8b34ac01f3d64d8cae453042127b526e8b6dcaed1e697b74a2ac6e074580.jpg,Nan
509c93d1c31c9575eba56761fd254ab7626860c5114935ec0c3086b16b63cccf.jpg,Nan
50b51480a6b17a199d16d234cd22173881362142919686b9a9aa3d82932f8f0b.jpg,Nan
50c52513c35143bf2c50955bee057154a92552632322e727619fe402d7c85d37.jpg,Nan
5109260a99c4907d96ac419a753e2c7b703ce9c7597dc210d981bbfb844c28e5.jpg,Nan
514ba4df2bdef1564e8a38cc7fc98aa2902b086160c7a10ef7667f7290b3f100.jpg,Nan
51fa0081a4e328455981d8ae170aa933f5e177a1326a5de67c82a8fdbe96a19d.jpg,Nan
524c71597c9c732c45a860a3f9181295baf825b86b7da80a2626b1d8f86e7611.jpg,Nan
52a73ace6525e49d3c6d70ab069bb18a12a6a85bd61a39f0a1a42061c92c05b8.jpg,Nan
52b9b769cb5cbcb39c086ff17c254299345c0de1f004f762b596b3c523c0ec27.jpg,Nan
52e90ca0edd11b12322fa9a9a1de66eb4ab4970004cb4520ca2e4537b69c6e96.jpg,Nan
534b52078960a197401f5b73375f74b9e44c70464cbd77ffc173234483983341.jpg,Nan
536753c9b986732b94df8bc741929562b3e08631a5bee4910170eed6f8b9313e.jpg,Nan
53a2c7f6df0c0cf59f8cf55462a2614c83135e9e1ca6c6cba7185f843b2f1bdd.jpg,Nan
53f273fda9f2ceb64a315453d25c2e516963d0a47702b700c557e96c6428736d.jpg,Nan
540649536235dd60495f80335ca4affa25c6f473638c53a12dc62fb8b2532508.jpg,Nan
54673bd3d707c2434425b3fc305e8dced53cfc8a788127e7c7e76fa6319ec9bb.jpg,Nan
54c386e9c81f1ea8c3085f29a90cd83db22da6ebf8ce92aa4a00e988eed0118e.jpg,Nan
55be05f3c049362bd607677011166948acaec08558c87fbfcb58024cd38821b4.jpg,Nan
5636e60a65df8848e2a9ca2cac1944e09bfceab4733e357afd2aa36f23ec8f90.jpg,Nan
566aa250ff759dde3a3094fb30c1f7f1a155accf3da8dcd961c2ae58bd063fe3.jpg,Nan
568f6749cb033f779c816ed503f2414b48ff3adda403052cd19d590c50c5063f.jpg,Nan
56959f8d2c071577afcb396a3cda08374ea326c735da04c0dbbdbb05224ae1ff.jpg,Nan
56b6117bf62755c01a15feb0f93e3276322c09edf1372d0117bba7ac3fffa019.jpg,Nan
5700272b0e3f303c625b36c5df61e75f57866719f191bb5a4eb53c8612299777.jpg,Nan
571081e62ee560c6fce9f986f1710b3eea3acdb65e800f24ba6d6d0b2f22a5d3.jpg,Nan
5720ad30ea8d8755d7caeb7ab313adf9285f89af53ec4a9976c3e53ce05bc0b5.jpg,Nan
572c1decf966ba15fba946ada88aa7d72e7aad652c37f16760d462cdde9a5676.jpg,Nan
573c555162e5ddb17410e7f71821d7842cdd47e23a43e74d9761a220c260493e.jpg,Nan
5799ab46d84445e5cc15b1f31212603de5b16482d718b765682f2fd4fe4ff947.jpg,Nan
57cdde11f9ab7529c10291b78302529c1f1a85da3b3ca4749d154192a472112e.jpg,Nan
57f54a1d17d12599b7bd29d7975f2fe89a8c61798a8306a3b0e14b2ae2cd3b05.jpg,Nan
57ff1710a94eca483b73bcdb32cec0227ece6adfcdefa79421b498b297c1d1a0.jpg,Nan
58330639921bc18e27336759e1c59402f74425857cd7c3d337a1a8491f972bfb.jpg,Nan
58a772a6d0c6d2e991a5f5acff4d9b43e8c97b7ce8312c9255bce5288847731a.jpg,Nan
58fb4c73a4d6aea78df03f73ffe8c3361109c2cf09f92df9b82a44af1e049347.jpg,Nan
5925e7e280e1062422b9c3f7db75b3e01a6586aff3c1fcb86076c865a538b3b2.jpg,Nan
5971c67dfe4fe0cca9471c05e3302a2dba1f82dcd67196ba2a21c89a801ffb35.jpg,Nan
59db98ab13857851a432a9db741ace7996ad647b7e355c983ddd9371da2add47.jpg,Nan
59e1bd5c3119de871a5e7a4ae89005aa306bdab5e1d2691ca417f45b345a0976.jpg,Nan
5a191a49504e9c702e3a6ae1b6a3340496bdf85ba56776a94bd449345190af18.jpg,Nan
5a2c93e4a02b224a1ae17de31503ed19c178044f876edc7246a3e1b53d510e0d.jpg,Nan
5a67aacaeec9aacbb0ef28d0616aef7e16422070942a2de72c5a89c8cb961e39.jpg,Nan
5a9b5de3fce50fd137c4048c634dd72075f8503284696f2beb6ff9195f0f4e82.jpg,Nan
5ac349e91a98948de9570a03dc5a1955a3a59868309cb068dd1bf71320629309.jpg,Nan
5ad41a91dc20477ee8912856898296c49ba280e5133cbe52ffb68ced3562d8c1.jpg,Nan
5aedb03133560e4c3e98fb449ff67f7fdf49cfb659abc04c408ea4e96a9f3704.jpg,Nan
5b3235b73de7d61e14d77e1548fa720536ae70ff05c23bdb981a876d86fb3fd6.jpg,Nan
5b5d284bd765b2430e875c926ee0975d26632eae0acb8e48adf8533cc2f3852a.jpg,Nan
5b654a54ad1819af91a329252b45d400b454cd4fcdc6552880f32a0e5756ca00.jpg,Nan
5b74b31738c5986082b86ada89c70042e7954ff174945cd3c481f83f88187bd4.jpg,Nan
5ba5e13d1fc6117841842be2682a53fbcbb6730ce68eabb7016593ae29a0bd3a.jpg,Nan
5be621a21f51f97b91bc718a381651dc3da41af225d32760b36370d3f223fa3f.jpg,Nan
5d18aa6ab26a81e0c7ea56f0c249ca7b5e5406ca241030eb947745fb9be754ae.jpg,Nan
5d7d4b5da02315ed15f19bc2391e2253efb08552144cc9483990e0162173444f.jpg,Nan
5db02588a3d068e8a97ed888c2811e74558e9deaf4b4247a8e5758811beb601a.jpg,Nan
5dc93a5b6d63ec125c86683b453c225128767c5d64714e586ea5a832f0f82b13.jpg,Nan
5e00e1287e5fc0924243e86c6b424b2ab885194f8a645ea95b4d4240e1f020e5.jpg,Nan
5e1d4a3a27b31997ff914f265e509040e9c92519462cb77a723678b356857bf7.jpg,Nan
5f464e83101cb05ec5967364ed541addb5001534392523709b8b9bcec870566d.jpg,Nan
5f87ccf2c62835e2b359479c0ae5a838220a8c5b2ff9b093461b7da3ab33281b.jpg,Nan
5fbc81df2b61e2ae515c4de5c5c5e5f2360d8450ba2b1a105ecc49f392aa3377.jpg,Nan
5fc89be2537982f352e2c92f9e94cb96d8fac33695c19516ff9ee7b785ca4ce5.jpg,Nan
5fffbd6fa8910746290a3c2257a1580efaacc35c5be16cbea64ad4983aa41111.jpg,Nan
6027fccfd10d3e734bb317858cab438fb5f00b948d6c662cd9a0ef44c9766d8b.jpg,Nan
607c60de3791e61e5c2e649f65644bfa9e158ab15f52853fa97d6bdfe72fe2a3.jpg,Nan
60f68da468f930f9f7d0cfced18b57c5ed131c486f7900cfc948dd3cf45054f2.jpg,Nan
615bc534e2c602a4889de65afca85302473d5abd943249d64fd8db6e8f19582f.jpg,Nan
61984712ca11a94b37e475374ab17e7c25600a1e2be41253c6cf3f81fb4e1922.jpg,Nan
619b965037706e37dbfadfeecbe01039ca7652ac9b5d274c2a08c8501ef2e0e4.jpg,Nan
61f7b3db13be1bbc8919eb4029b4841a11c2659de6c7d1566a00300fc749a095.jpg,Nan
62b557e3e33d9f7cde53cf1196ce23bf3c75994336ea1f9b83a1a54c9c887a26.jpg,Nan
62d316fadd67a0ab6e4f3f3f6f8b6e727336c4f8e354905c2161a01e8fde42f9.jpg,Nan
634bacac5debde3938888bcba74ebf33b1610ca341a29935f73106d76a85a395.jpg,Nan
636cb208e3969a51f1de18510fa9df46ed362fa3ed60027eabc7b1205f3ea588.jpg,Nan
63d6c36fe6cb01e47b93170a3ed53a0c290ad8b523aa937d7d1108d78c5168b7.jpg,Nan
6421782b966a399413afc443e73d103a93a06bd9930801eeef517f2a4ed9a2d8.jpg,Nan
642f0d7c8b6238f6c7c442b122fe2bef6b329322aec0bbace87dbabc79fc3860.jpg,Nan
644122df09e7b9ad1a7f43450acb9de846cdb438c822e8b1094d758ccd44fffa.jpg,Nan
6444ac877a09291867b70310884841ef88a2507d254c2fb4a567f3f54827307e.jpg,Nan
64984b4651efa4fdd3b50e72d8bc0987ed02b57be67fb1a9b348fcd31a5e0903.jpg,Nan
65ce05016f464e4787b79aec8f03a9e70f9f1dd9b36160cb68e026f6c16f7bc3.jpg,Nan
66177c4dbb821ba619598ee8adf2cb38e435bedf33e5b4fcc948dac51c827af4.jpg,Nan
663b5710cb539535d2ea6fa7f15155c953b578770228e6bbc9b60493b63665fd.jpg,Nan
6654883cfd79bf7ae89c7cad4da8d4f764d67a78a87ad80b9736537b592f1a47.jpg,Nan
66937311ab4c5e93866b8122627ebc2033e8413c1f0b69579946c91bf33a9255.jpg,Nan
6697134817bf4a83cf1ce5043c5416bf1b65329362655b49b3fd33778274d602.jpg,Nan
669e57646ce58a80c8c4e1d2655aefcdf1e8f1c068741ccfcbaa079d25e3762d.jpg,Nan
66a6deb3059e92ce1a49ba4229cd3268b626bff7a4b7bf67ac1d9368ab31a822.jpg,Nan
66ab7bc70fb15abc86c404f38277dde9d9b10ea0ba245445fb294ac2b0bf869c.jpg,Nan
66d7dd7784d009a5ba7044861bb4b174aa4485ca00b44c114ff824e7c15bf363.jpg,Nan
66dfbe0b4c637df11b33c0a2bf2624b824cb54fe9c45b4fd2a88db8ffbce3ce9.jpg,Nan
67221ad96536754ca2a8007a3c03c6c7a6f6937658fdf67001110903a5c21df3.jpg,Nan
67572c6ba4746f87925f35498a648338ee026c7f34e60bdbe66f83a94bbe0a3d.jpg,Nan
67e4d44fd57ffddec728c87d1aa43895152282bf2fb138c214f0e5fd6ac05264.jpg,Nan
680b0afd217ffa094d19e376a2320bb0516d1c04e730cf9f583b3c574c0527fd.jpg,Nan
685ebf3db537fba19bf03c9f9af4e51e1614cddbde43e63ceab6228b7445d9fe.jpg,Nan
689bcee8000ae87692d566e09352149cc039cdb2bf3d82643edeec7e27f66135.jpg,Nan
68a32e13880ff320f21020d721a65fcf43c1c527086e0ca8e4c8625b5a8dcc2d.jpg,Nan
68bbf7b8d0ae40d0cabf67e14d21f26ace17f244dd804ac8b0cc3d947f384c2c.jpg,Nan
68c4cbec9faf364c7d82d5c9d0608f5a2b75a5331d586b2673a6fc5058b35499.jpg,Nan
69138778e0df609d33ad0b8f845e05b56b3e0e2101dadc21b0a20a7f1ec77c7c.jpg,Nan
69ae05b6e75a93bb0d1de9b9f83db392d0ad1c12a950e368554b184f56766bd1.jpg,Nan
69d7382276f9689f45dacc26e841c3db95e36fd6296ddbbc4b85d96afd54eda3.jpg,Nan
6a1b6af5f355c31bbdf15ccbc82dc12e456122e013716ccac2ab2421402e49f8.jpg,Nan
6a555f95ee98775c56e661800cce760858ea4aa6e8b71153143550f2ba8ff72f.jpg,Nan
6a5b09c9bb598e9ba7fd5ce3a5ccc3f62a636c2424126468205b71739d55fe8f.jpg,Nan
6abd7edab3e7297dbb5cb95533eaf0d390914ee5f3b1c8d23e283bd23fd66040.jpg,Nan
6ad89e9df1a133183ee5a047566456741bfc5e205e3a8aeb7b2aeb6ca4ec99e6.jpg,Nan
6aff9656246c94dfcea091d137c0fd6cd2f3e503fd0e24913f4f0a4c04cd9719.jpg,Nan
6b6ba9597eb345abc975bcf4083f815d496b74fec9655aa0dbafeae6d9a1964c.jpg,Nan
6b7003153f533aa260d87a8358626aa77c6d7de06d05eb463b9acf8fc653211b.jpg,Nan
6c360db672ddf3465726189df7a44f9858f69f5458133aaf5946c0886a3b011b.jpg,Nan
6cc7cba242f91dc7bb2a2551995576b7690e25d76a753ae83f26de2838d3aa90.jpg,Nan
6dab569dd777990cc50c445a6833eef1ec382b3ded19a643b7b044a0631eef28.jpg,Nan
6daee2cf5774c8d5e0e6ed33581001b844f00fc5aa4cbcf6e2814334861fce31.jpg,Nan
6e228f0b11b8dbe3a7e76fd4f0d664fdbb43763b4b1f12b52646bfea09883e00.jpg,Nan
6e3e0365fcff1271be6c8b79d7ab015d865edeab4f4c2afdaff833a743df2ada.jpg,Nan
6ef14409b9bd0a8f6aea6073eeb41ee49d235541b88bd061494a905c23527473.jpg,Nan
6ef86b350c933966a8ea83dd932451d0b6a1a92f808f98a7194d7e14fbe4e52c.jpg,Nan
6f041b8fa5cd97165f4236fc88dc547a995ee08628286ee59f7b786dc8ab5f84.jpg,Nan
6f290bcca52d26a725fb701ddfce751b40b4341321a1bf37c951a42640c0c803.jpg,Nan
6f5da93cd6db13f5366bd4bcc0fe0b043e955026bb921f6873935cd6d4e5b1eb.jpg,Nan
6f80c470770d4d7c271e12f113fd8bb8405b6809fe0bcf9494decacedd37468f.jpg,Nan
6fc88afeb1ce2b8205472f784a30cb417fe448bcbe848dc640fd27434a43b75f.jpg,Nan
6fe69b30316a9b58d93c71454daca922cce6eed34afdce32c1f97c577e60191d.jpg,Nan
70405098cabc479acff816828b2f9eb0b378eca0dbd999ba4959ac1048efb27d.jpg,Nan
70b1994fb97646f356e0b16fd635ef04a144b7586303236b34009e027528df25.jpg,Nan
70fdd63fecd2e675cb7ebd354bffdaff759875f4d7a80f6e604fe3811f10d89d.jpg,Nan
7105b6f31043a8b158564416970b97e2646c8b79324277f54ea1ab2be6754cb0.jpg,Nan
71175ac0a6c973ccf37e0339e61e4ae1ad612870ed4b6cef11094cc9b6b27eac.jpg,Nan
7121db6f1188ab5e3b04c4f819ff7543c56fa9c71bb2260cd0155645add0ac7a.jpg,Nan
71592cb42921e606345cf29ba4486edc4b1abc35d5f8a80e5b7d5bb1d7cdb110.jpg,Nan
7159b84a2b03da31d4f7aa0c16a278da51c3fd4037c282475291946b5988b40f.jpg,Nan
71a219290a605c2b54b509d7736f9cef05fe52374161f46fb28867dcc0c12de9.jpg,Nan
71f183b064f817314ddbf7e856dc8bfb1a572f0726bb7513856c6fe12f79cf28.jpg,Nan
722763690754e3d65c174e98f10af978e39a0832d4da0e9a858a074cb2d13fd0.jpg,Nan
72927e6bad9284e46e08834d7edf88f8009545cbc5435c7623e756d2d7e3bad5.jpg,Nan
729ce7236da0fb62159dc3c50deaadd0fb7276fcd69c356200fb1c070f935ee4.jpg,Nan
72b7276b3e007a5abe8c9c2bbc83ae5b830163601142152034385574c08c54c5.jpg,Nan
72bf0105b17e92de691a8da5c370c0534044796de9c091aad16e0bbcce606d26.jpg,Nan
72ca77b629b6eff135f150d6fa72cb0476b9af4f1d9976c45855d470d8f56d09.jpg,Nan
72ed76eb2a27b41da580094ca5f406b5fc94bd1ff5a07d9b6931df978f53b647.jpg,Nan
732c500f3468ef70581a4141c77360fbfa0ba7a20c59e558f77d41eca1f657f5.jpg,Nan
7380f916cbfdf1fc53c7e350154850741e41dcaef3b0b2b7a647e9cdb4a0683b.jpg,Nan
739f6104e5f0d5c83b37fcfb949de5004cef6c1016d7e8cd702cd02d1fc6f062.jpg,Nan
73c29ef0a6b57dd8862b1d9f9f3d229b4545a66e85f08b09e48670011c02b807.jpg,Nan
73f75d23b510741d6cff92875b9fa0a41d619a240e765517a3967f0db6e4d635.jpg,Nan
7419fa7d72e0262052134e5e53bead12a3535d72128f3b1388cc65cef9b10195.jpg,Nan
750eecd710aa63761a9ffd8e61af5f679ecf6859880128d0de93e9b5b6377767.jpg,Nan
7510f871900739a594c4ab6e04e6cab1abf63a3883c7701b381e6b027ae641cc.jpg,Nan
754a553e3e9cb6f2dcff53bc22759202b954db0df59f33bd080344de2a4e0941.jpg,Nan
7572100c01b7c650006af6f8badf79235e23e40ec37f21333fc20b67eddc75ea.jpg,Nan
758fc63ab9a8ae91928b0fdfdf1d8879f9a82774fcda1d9d0a04cccc52c6e8f5.jpg,Nan
75ce0f6a60ec1b9fb70c52e7b2e796aca71e19354dd1438d02b30f8aee5e53cd.jpg,Nan
75d39af16e06b199e8feaa04460a7ea883deabce7a1e2e26feec4f9c907a0b44.jpg,Nan
7611948fdf44360f6c229494633ed18e50098cf70aecbf6fe8faaf7c7e7f14e6.jpg,Nan
761f1dca43245fcad74f6f154202351251e7a99876b375401292ed6c9e73438c.jpg,Nan
762637117a7b0c6c7492e161e429f849dfcccc8d4f562aed1eea6b713e5437aa.jpg,Nan
766489e57cb643965a17f427da59021132ca8e968c57b792340b8f40907b091d.jpg,Nan
76762faab549284969381ee98559bde4119b9586b1c3b28b6963acbc011a6db0.jpg,Nan
76962d77a6f11a70be3d5a90ef9ca2ddde87a57f2e6815011c1c123110cd3a66.jpg,Nan
769dc01845984c6f06f2e89501164bb905862e0346f3652c99ea6491fcd4db23.jpg,Nan
76dc9548a3720091afa9980d14bb7877ae2f45eaf987e6942817a47e5a9cbfb6.jpg,Nan
76e87925783282c031ac9278179c0c8421e0a7e09be92deebde39c0de697ed7a.jpg,Nan
7723404f5cda21c408a74f7fc9a6d1c6afa884cd035e6fb7988152ab92a12c74.jpg,Nan
77e589c1e7d5cb182de24fc94cfa0b7e61efb5c259ee5f2aee3c09851f4d7583.jpg,Nan
77edf3ef3997a4b44d1034ae7af695dd98f32932b417420a67bd4249a9719377.jpg,Nan
785cbe39a9e0ec066e79ecc6de359b8a9eff0f6b41c91dec60baef3094d2b59a.jpg,Nan
7876c1e36886e87416a14c177d71cd71bcec4edd37130b9a57109c0ea07a150a.jpg,Nan
791955ed50c9121c9fec03dc6171f201fc749e9582966e8f56b1dab8a77115cf.jpg,Nan
7933ac7328015671d6a412095423004eedc5cd29e9f4089143d3d565fef743b8.jpg,Nan
794f2877d9e53988c94ef87dec152f30919324fdd144aa129cb16afb986c0fee.jpg,Nan
7969819894ebb7a764176da50e0eef3cc7f8970915e1cd0e4dbbc23f63d6cccd.jpg,Nan
797740fbdbf1c9a518228a68960839a9cfe6413c3f63064a0373a80a00cdea07.jpg,Nan
79d7b5ad98e885537e958dfa2c40787e2bfc77547eaaf80585e4d3bf996a55a9.jpg,Nan
79e34bc703fe092df12bf38081001aec7dd7d050c7d623edb70c393644d79bfa.jpg,Nan
7a3ef37309ada67faf9611445b0b228e090b8a235aa448fb799309859ff41ac2.jpg,Nan
7b0bb75e5313f975043cb9cc6d6e12aa36c221c68933cf08618f4cd35ac568e6.jpg,Nan
7b2ff4f9bb1f54caaaed60a639cbb064fe1bc236d215a1fd7d6fd283a3bd1e3b.jpg,Nan
7b3d18060089d89537890e773cc45498ad3a1076c1a2b6f3836935c1d66b29be.jpg,Nan
7b598ec80b431ef588a4fb743ad93fc996e417497fbece388d759a55a9f91207.jpg,Nan
7b9b3536e09128a24a24182f44fab1e317624c6e2221832b088a4b6b5d20469d.jpg,Nan
7bcae395cbebfbc4c060e00f8c88b5e7bcf9b7ad5afb382786c607539be2bbce.jpg,Nan
7c32938c6c69b4edfbceb860ffcdb1757925c58769732157a88485f0fe8e75be.jpg,Nan
7cab2ac255573f702e069fbdbb990da9d53c483a903d5804e3e4b4d8a772d68e.jpg,Nan
7cda44641fd5c3bcab9bfb87c711b5ed3e8592dca402badb400c3e3e29181fa2.jpg,Nan
7d1d7a95fb6b14d2b8ae6ed600dc5b77a6bce8b5754946d5479ad22f5a92af93.jpg,Nan
7dd2dfa20c7f20f32854b0f91f09bb394e5f0560b8e69ea735c0b65d29bf92be.jpg,Nan
7e4e085bec48319186dacb2cd27ae1acaceb121228eace9beec5fb15f8d363ed.jpg,Nan
7e54c9962c4b16685c6b014b9b51069cf59b19f4eb30fb83bce8b86d11985d35.jpg,Nan
7ea1a63ae6963a661a542914a965fe71a89fe30ed8f987bede273da6b26144af.jpg,Nan
7eba6a382c1fd9c7c55c007a7f5de83a4b330d019b882563e7e3f5ec104a9060.jpg,Nan
7ec365123d1746122054eda0bf4622d69fdae3eff82afc4989fab2c5db36c4a7.jpg,Nan
7ec4a671f6006901b0ed96c9fb9e83a653c6b41d2d11181d1ecc98a2d67aac5a.jpg,Nan
7ee9e1bee4fb103141d4853d4942bbfe8c8bdbff22236d70add77c4a81146c6e.jpg,Nan
7eef38e7e73dcca5b31bd642dee0a815c3a0768f3aa375bc8a835011e3e80aeb.jpg,Nan
7f5a1c5e4fee97f2083d89c6e589133c7d0ab5d172da4c202ec33288c09286f5.jpg,Nan
7f5c02b15015fdc31b53f0194834bc89c2fdb4d2167e489e6379ca36754dfb33.jpg,Nan
7f874db68d54761dfe8f1b3c93be4503a96a5d6687af44847f5c8e633fdae5cd.jpg,Nan
7fc8b3995772a64d02a121169155affe18e7acb7f729021de7adc956b13cf04c.jpg,Nan
8085a0bbd9a1d6621858dd22bd2ef9f01259c1329d7b9392c1357ffbf7e758d3.jpg,Nan
814e8ca53c2f50896e3402f51fdbbe1f45d1cffe05ac47d788ed54e591b16a3f.jpg,Nan
816ebcd3bb81e35f5af53b3a5abc13c89bf9ba696fcc9a4470223335fc6e84d5.jpg,Nan
81c73b16f3d4b5cf84fbaeba00f6a65197d4c9f117ac0c097d391de064959815.jpg,Nan
8235b119717ce8850bb123758a6172cd84765eecf29171b15dd37820e2a0f059.jpg,Nan
82b5dc0b8d3523f711e3201d3d88225c2a0cae9af09571b693e7f86d3be21f91.jpg,Nan
83a5d98411d2e02c937c6c369b11c4a5ad9e5a6db457fefaa5440a162e7539d8.jpg,Nan
83f5d1375d1264a47d2965075e6d6e61da762279043572660e6aa585fbeacde0.jpg,Nan
83fa4d9fc1e73609d92ebb5eba3faa1e4cdbed81167538effdf8372216c9c04e.jpg,Nan
8401e2aeaec154bfce355f907996e08cdcb32e62659388fcbb4b1643d86dbfbf.jpg,Nan
8403873be008154360467139d2e1fc2941ff7fef8af7f406dcc4d3a3137d0f3b.jpg,Nan
84091ce7e4f877deaca36fc9dac744580a12dabbc32974274a068e28ba134cb7.jpg,Nan
840b338342d93d5c09698d655a68666b3b97df1411cee943bf8f44ce16144e8c.jpg,Nan
8506f7423ea0e363b2bf82ec659c3e0153e90706882328147f929f22d03f6275.jpg,Nan
855331266e98fa8fef1beeabab4513c1a1a3bd4c1f92938bff3f6716b9bf7bea.jpg,Nan
85b2d49cbbce88f5cdae7f7d99f816bdcfade5e19de4f62e3e6d69c1b97c6d7e.jpg,Nan
85c2258c7a4c8379049a4c885883e39cc19721987533dd2a4e0f05d094b23b7f.jpg,Nan
863aaae54596f01000012bf5b5420c069596d1b03c63cff1b3458d75d1d8804e.jpg,Nan
867fca6c997b9ea8edeb5a04f696b99b13511a7de4f7ae5ee4ba1512df5ee929.jpg,Nan
86be809b7ee8f7a18a761ed2626d0f2c38c3d5402ab425d7c1ca6c557c6b8534.jpg,Nan
86fb37816521afdf606265fdcd817358f04c5676b3b3b2a4fd072f89c52f5ba1.jpg,Nan
86fd0ec7073b590ba45fd64a102efb11c8ec6876d34a5dfa4c0d67975907a51d.jpg,Nan
87098d0fcde5cf8372ba554ad9fa046965d1e53b508b6a4365500c3a9b1414f4.jpg,Nan
876317e13e358353ff998f14fa582aa6e2f796e2fec09545bcee8f276ae6671d.jpg,Nan
87c7ad4792834a1c8656a659117bb60fa6400d576ee0464b1553c1297b7ee164.jpg,Nan
87c8b061302bafeec24e5cefa44b391cef174d3ef5ce36a00d57c7e79a66530b.jpg,Nan
87f6a28390d15670e1027b18a7c5cb72efea038f953009df95e8822b504b8fee.jpg,Nan
88ae24976985e38927e67087a1877230546cbcdfe73021374efa268788931136.jpg,Nan
88c079fe0a313efbecda0da694bc1aee8b98cb315fdde91974b1af392a0726e0.jpg,Nan
88cdcb46d352d8b7d809c0f018a7aa56a2c5717af5cea305a048d0a330560461.jpg,Nan
89178c42477430f7b66ceb66a38eb3b22a72ae574d0a84cd1e87e3a83a916c3a.jpg,Nan
892151c5fa5107e3c3c39e94ce5831dd39642e4ff731d5d1022f72ec7c30e747.jpg,Nan
8927625c0c8e5ce17b0166cfa45e2c9d60775568fe33f2b8748ddf2c201bcf2b.jpg,Nan
897db1a3785cd0eb27450e7e688614c3dd7517f34bb3e7eb2c6442b4ec8f4f25.jpg,Nan
89950b7a4aa45ece6b50bc74b35e97f083172216aa45b861e7f4e9657dc17521.jpg,Nan
8998395684a943f8c48186b46f79a11f85b8bb1d6c88f8fa6e51ec038ea69cb6.jpg,Nan
89a16a5e701300745b28452dfca2c81d7ddbeb94d59136ac77c71b6e9ec643b3.jpg,Nan
8a14f7116847fb3842e4d13d8f9a4676b89f2e86f6b001860c798cc5a4ba224e.jpg,Nan
8ab21351bf7c6bfff6da67f2bfd6fb5c70c6a36913b2f0036b8f8ce10fb2dad4.jpg,Nan
8ab4c4748e6ca9921ef83b7263d6abedbf6689d1dad2ada916e7b069da78cf2a.jpg,Nan
8ae7910a5375c15529c3314c1fce0b368115bfa3b4e0e61bdfa4c2eb4db88e30.jpg,Nan
8afa50d88b5c976b943ca3f3597daa7e651bc252b926b90d9c478a283a699d62.jpg,Nan
8b0eed28638cbe64a78d6fb641e5990806cee5dc92be18d0a976f5a41f28613b.jpg,Nan
8b719cbb444cfae18f0b25390d808da62ee803ab67679c4bda4f55cdc1477355.jpg,Nan
8b920661a589cad148440ddc601fcaecfe6fbfd2d2915686d82289708748f3ea.jpg,Nan
8bf85678563595a005408a9bfea604e8163a2f459cb179002834297f58c866bb.jpg,Nan
8c2163d8c4f8328de6a76feeb657077d4dcac71ee98ced03f703697c4161ed8b.jpg,Nan
8cb6f5fbb7ee47a26806759ad25232bb816a06e1c7bb30c3a8e77012002ddc67.jpg,Nan
8cbe2b9380590b78f7522e2654279aafe5c4ed024889a8d69c5b9b26096eae12.jpg,Nan
8cf53a1f23bb65c86bd365dd0eeac3bf2e084ed124a60811d0f9a5c827b023fa.jpg,Nan
8d7b5b0982c73c45590b7079e3b478ef69e8b427e338325ab2279b7e8e64dae6.jpg,Nan
8daa16a7c9f9582c93e967a008966c76c159b29e68dfbcdee8f22f85952fe9ec.jpg,Nan
8e1942d8427d454358809b7ad3427241cad75d7c917d619f6474395b074f86ee.jpg,Nan
8e3667fd526d06d945c9e9792b613a775a5fe4840980efb6c1315437da0fb378.jpg,Nan
8f0993a685fb9d3684aa573a26dc6cd88148e360391e43fd57228524fb446806.jpg,Nan
8f39535b6cc1d991b6fb5eed3f013df226796868b8fa882d03e60aeb1e63182a.jpg,Nan
8f40729f141cf99a64a6681df1e3660e8a3a5e565c6b5fcfa9d9cd8a1119ee54.jpg,Nan
8f517e032f5bcfc28fecad0cb493b586e6041a9d79eff83a4392c625daf27089.jpg,Nan
8f6299838049f7cee2cf1071bec65abbbb09450b190936c31bbab708bd1101c4.jpg,Nan
8f888d26d86dfde10097fc184482fe981dbdf83953c330be558343bab4251a31.jpg,Nan
8fad448e3efbed2b1d089a60b98ee0b6d1c0f4bd82e2a74f6132ea13192e58db.jpg,Nan
8ffd3402b9f4ddc15a02d758a871a01b29b7c584a1b5fcf861db7f5da8fdf491.jpg,Nan
9038629c215027bf8923f597b5aabc4419160a51da8e2aa794935458c8623adf.jpg,Nan
903a95f412ce186acd6e1e9fb66b6c5878ad0869aed04b78ae9e34e7d32a9813.jpg,Nan
9070cfd657db043e1b8360b5ac603fceb3551f1035c8f9e3567b8646c85d5270.jpg,Nan
9078b9e1b02a709d0639e281cffb743326a298398a8581a63ce83db1adbc5f76.jpg,Nan
90c277c1bbc8977cfdedfe9b4c704700a9fb90b3597d12a83bcbc1e0ce77fde5.jpg,Nan
911884c86f3936601644314fc25efe9831aee5633c3b3a6bf437bd158267c222.jpg,Nan
9186b7de3990714bd0041c8933d119ea4086f16f754e5f21674a328e97cf887c.jpg,Nan
92e4c0e873c77fd0f8b3b1c55536abc0001205856a8d531a8cef74bf9201e6d7.jpg,Nan
93680078c82fd43e717b1129f3e5a5269ed47db87fe05f6bb04dd2e63b7cd2a9.jpg,Nan
936c44c8003c5b0bd94337a34dd214358f47b5b1ede12e6b0a2b4a6f21207146.jpg,Nan
938e65f994b7c6f01bbd6b862b2b56f8207607d9e79377902b3797888879b571.jpg,Nan
93b4cb3f9279753bb56e4820720f5975d3b8e7a01b911456e5a27a302315b126.jpg,Nan
93ec8e8986421140a5aa2f343da1d87eba148f1bf97d4b38b18231eadf9694c5.jpg,Nan
93edeefedf671f1d9ef443f190952b4210ad7032984cf91911056a1dd7784b95.jpg,Nan
9413585088fd0dbd99e0e49bc95fad6edab39568d13f41f22d7260e5e1c6dfc1.jpg,Nan
94aa904c55c411a6eed4b7a9e151a22bca15431c09c71cf95a7508c3af651bf8.jpg,Nan
94b2d3ce046ff16773b005b900351ad5228ac8fee98408be1807dd210c63978e.jpg,Nan
94c24c4e13f9c04cf14b9dd1cecabff4a52a6e01f27eb52c1aeb167ac0df46c2.jpg,Nan
95942d03fc2c0c043b7ecf6a6b56156826710aaffa9167bca21a62e072f74ecf.jpg,Nan
959687e78b2784ddbca3765a9fc3c45f95fdc21720fe1442bed9a6c2d1c2a687.jpg,Nan
95c0fdaef769566f2b690d5643e40271f0ac52ef51cbb2664997e00bb1277423.jpg,Nan
95cf32c40e6b0e76c6b6e1bd16a0c9aa2541d40b2f9da44b219d568ec652f612.jpg,Nan
95d24d647a9432fdbfa180e99216641bc962b6029a2ccb29d15175ec563582c8.jpg,Nan
95dbe12d43968ef9951e6d164a0110b9753829405465834b00b0cd935e7c5130.jpg,Nan
95e20df7ce120656c9fd4e4bd2f25d0742120847acda8c40d4f5a820c9b0e48c.jpg,Nan
9630a32e53d50fe258e33e658153101834d798c655ec8f6847bfc4e6d12fe69f.jpg,Nan
968ab1d1ab9b8dce9a383c1048f4a5e9ef1d5f4b69c19bcde9fe7b01dc0cef9c.jpg,Nan
96aee3b449679c6e7c2c4ed70416bbaa4725036839886d5e9182d4b1bc00256a.jpg,Nan
96e4a655b7425ced67885479ad66e9cc94fe86370cc273e67da0090418f2f623.jpg,Nan
9749ebb0258a7da09eaaf0f8eaa9276b97a025ad9fc59c186de942b19f19545e.jpg,Nan
977711990ccd042af8db3d7ed11b3c496e3e11b45f56e4a6165d2222f521a300.jpg,Nan
9787a7bfe51abe85c145f3f7889d4ebf4493fe88e10e4f40a400ed4f352094a7.jpg,Nan
97d9065babfcca15e1f2fab47db4d2aeefe1ec201c3d18cf4c4f70dfac806e9e.jpg,Nan
9830283f7ba235fada0c95595185bb001365163613c725efd77f9365b15b0d60.jpg,Nan
987d90de50ad273ff21ff85fe95a7dd3b6ee85a5cea29bfcf3fbb937f160a80b.jpg,Nan
98a90e3e11c9c225bae85fd764c4703cda6f43e627001b87bf6a90b16bbc3a1f.jpg,Nan
98ac0059818068765dfeb6219b47771fd9b5972dfc1488e55dcf1480b87de1d5.jpg,Nan
98ca36b1aa6b52c226f4efeb558a97c80a9c25ee648d73bb9278de08369af34a.jpg,Nan
98d1bd3f83862d28ed68aeb13bf53ccd2ea166f458ec85eb3d8aafd1430e2cbb.jpg,Nan
98fc300d40b103612361edbc2a8d1c4cad2774bd6fa085c7d5710b4930f92f81.jpg,Nan
991098c3023f636c4b2ce73f3da0bd344989c01e851b8da39edf438543ea095b.jpg,Nan
991116474e48d3a2a1acb6de3a7adf4a110ed143606445e15c3a8f5f6bc876bd.jpg,Nan
9918867ee4502bec525fef2ddc215cdb57c6d35559ce81c22e56dd77f45a1b41.jpg,Nan
992d3adb08dfcba5b0e3deae1d2e794715b5f2822a4c36cef2ccf30b3cd45968.jpg,Nan
996c7d018120cb02d031714bac8ca01abc6ed8783003fb84f72e6957d5a54820.jpg,Nan
996d9089828fe0d3ea2f990f25a079bdd1a7a77b4f88f3cf10626336a48d81c1.jpg,Nan
99b352cf88452feaa9c1e589606b81680e10fa62e28edd3b5f55140e3adff1af.jpg,Nan
99bd221cd8063b83e1ef981d50614a7898e69ffb95bbc6196fd8baaa96ca0f57.jpg,Nan
99e5b39c2bc4d0235c13dcd1382e151bb6452de44ed502a3121b568412bf07c7.jpg,Nan
9a38d65a163aae5e552ed1de8d72ed27a7a2b355c93dee73fcf1ded61bd4e493.jpg,Nan
9a493c37fa7c3998dd36f39a605e3db1bcf713c3db8bd2359d3547fda0440108.jpg,Nan
9a52aa6007f289fdbc882d7a96f3b646f6c73cdf73fdda82d4f5dbd4f350611f.jpg,Nan
9afda1752b49b3a5bf271ab99941d4e0924a8bbbfc8e3cb556c989a80cb7ff8a.jpg,Nan
9b41a82773d0b7bf33ce21f961101fe54b308443b71c7768c8a48a9484f82248.jpg,Nan
9bfd0087bdb52988ae6d7201fe8ab0816d7e5dd3b7a1f8afe6ca129fbab6bd73.jpg,Nan
9c66189ba37a636bcba090e3855517c9a668de242bd3e72b83039e3e7b6c3266.jpg,Nan
9c8540bdc1e368681bc3ca304a379202f8b8fab064e0d0fa3e8db39ce3e180d0.jpg,Nan
9c88b0971063c2c5e58bfb74271500bd70baa502c405faf93ce85f1f1a722c79.jpg,Nan
9c9bf422fb128172ce710d7c6d498b0f59b11ec1ef313f219c0f3be22fc8da6d.jpg,Nan
9ccb99108a6daaac3b3e7a3bacc7cebf90add8c47c779e84c0ecc75ed2c804e1.jpg,Nan
9cf3c7058ba7a5454a9b3e1f867777bcb0428d92a6172c1d4b5a4459b0e00de5.jpg,Nan
9d180bf107f7164f03f984e557d66adf598088ed6ee83eb55083f0f11aa4036c.jpg,Nan
9da6834876a4ae1e8af6f8dede48ce98e4c491b27b9d457c14036bfdd8ce6871.jpg,Nan
9ddf9b811bc5b1a4b73ab482bb2d2a5de3370f8825a9c53786b852ac0ca51ca3.jpg,Nan
9df27eb16d0cf862f26074fb7a625cef755efc3248006c36b79f1c12c7f9e15e.jpg,Nan
9df3051952a5885162223a136ec390194be61c2c689468150a101a45b374d3a6.jpg,Nan
9e4499dc72f099a80a017154b33be7cad1f891e7f800af35659b15cd98bed6b8.jpg,Nan
9e6096040f7d33e52310cc969ca48479fc0f193308e33496c1f3d82562b64415.jpg,Nan
9ea99e9c6fb35f130de3055789f7688f6cb78c4248c6484859946cd291d2bc8f.jpg,Nan
9eb25161ebe4145e6a67059d5c2eeafd3a3a1d0f744ca0c4769139d9b13b9045.jpg,Nan
9ed0b3acc1be541aedc4de697f15117fe5486340feb1b761f7acfee9e93a8564.jpg,Nan
9f39051c31157959b90897a57bdfef79c427ccfe1e29f837ed7c5b7372284afa.jpg,Nan
9f56f169b725cdbd0fc75506567c4df7834baf0d9315d9d98f5407735e7321b7.jpg,Nan
9f86bdff424078fddc29c63117e55d69cf5171b75d3b8883ca9af8e92ded7907.jpg,Nan
9faab473abf7be879ccab08fa2b5d07f8b43a693b6d5bff46d63f0734698b2c7.jpg,Nan
9fe4086d36380d163c687a2a0641e0f405aac32aa338101cef34102bfb470eb0.jpg,Nan
a00c6cadc3425795282a7ef526fee5f10600e6f2af339f882733a6763792e141.jpg,Nan
a01b04b2fd06965d433005a9e85182a51757655764f6f3d2b427aaa54148c4c7.jpg,Nan
a0b37dc83bab8e8d72b2fa4930f5b077c7a54c9949acd3e55fe2cbe3e8c285ab.jpg,Nan
a107d5fb3bcab0ec8d4fba431c00965655b323babf96f12fe0f75506b2dc38ee.jpg,Nan
a148600e80ce8058d268d1e45d207b5cae373f934200030e43e97738708f91ce.jpg,Nan
a1d92541a0f21684fb1b7f89c736052ad6f5393355422a1e80a365e2127b5362.jpg,Nan
a22a8ea3071be8bbbd133f689b149d033187843ea64909ef62b14a330de0af9e.jpg,Nan
a22d5d4dc97dde49c8e420db75b4c8430bb05de5dfc6ca0fc5d609fa63c7e4cb.jpg,Nan
a2a40f793e41b05bfa664a778cf4ea88e092e1dbb2aa30667be3c999ca50cbba.jpg,Nan
a2c817149ccea37b671329de89b06b49a351f88a0d109311b5c1b2f8f0b77853.jpg,Nan
a3034c3756cc9ca4e23d9fa46bdeba8f5c743df5df458138d60ac3d0a71c9992.jpg,Nan
a32a26f6b0a5b032825490277bc9327fc1c231829dc5097074450a81f912bb35.jpg,Nan
a369543a2d9e4000e5750823a2a7daa5d08e66b20ee6e7eabb60d05d5ab4f923.jpg,Nan
a36cf0763e604cfe946b9460f2efeed50cd3635af08dc31fb3ffa28f171f4586.jpg,Nan
a3b27bfe1702104fc77f5d31d3188bb41494e55e5e17e50afa82eeb0cc2b8339.jpg,Nan
a43dbec265831e65fb06e0e361cfcbd0af31cdb4ca1b705cbdbe64b21a114ea7.jpg,Nan
a4759f6dca0a76aad48a9b16defd1c9a1473357b4e96b8e6409345aaaafe868f.jpg,Nan
a4834d59fd977651df2cc7ce4f2d7a9b5f09d7daca2e46a5b60fddfeb9928f6d.jpg,Nan
a4b04d08caaa7677c8a990d6d86774beb2f73ee79ec6c4ca5e13a28022be1c39.jpg,Nan
a4d4658a21891da7ddda3d54ba76ef38540fb02028b86d85f94bf0d984c9c23d.jpg,Nan
a4f76ccff46f9ef84635a36a676390560db82cb7cc424d92667b547931836277.jpg,Nan
a4fca4f32a28285ce8b6506b4b56fa47ced9ae198183de047f420c48e80f3f41.jpg,Nan
a50433b74a7e570f010cc54264a7caa3039b4d9146afd5afcd15e21aea7af277.jpg,Nan
a5ae727a858fad8b1381254f352808bdad313408b76e9da74241ae9d5fc97287.jpg,Nan
a5b8497d49bab0d0925120c599912fb350119d222cdb167fecd3ddc1c7a9f88f.jpg,Nan
a5c6678767e75e1ab96e6126bd2bb81d7c0105a37515cdf4d82b24e2d833cfdd.jpg,Nan
a62abc6d9bcd525fe49915b7f67acfc1f0c230fcb496879c09b06d983ac01565.jpg,Nan
a6b935881e55241a7b88244bdf1509ce379ea496b990dd6ca605771e9d6f51fa.jpg,Nan
a6c700ff9ec6b2c7f585e6f5f78e79480d249d3ab4e70031161ee273ea40bc48.jpg,Nan
a73c347c7a0b54af3354cb990e64b3643ed1c0a993053a0bf3bce289fdc3aa23.jpg,Nan
a7a83df6fac7fdb9ba2bcc79e8d33a94ff9acf3e540220f204dec36e63aa1ad5.jpg,Nan
a7bfeb5d6d52d78fbf66768ea480474b17feac6b6dbb83bb0f88a5e69f17f7b8.jpg,Nan
a7ff8c5e73320d247daadf48852b22aa17b609b868d9d9cc6e31028fd78e8c0c.jpg,Nan
a8105002fef656e3c35b20e46de885e1e26426f4f2c518a1e7538de465598b19.jpg,Nan
a82335bb06c617c061bdab51bd44fafb6e6c0f5982a14d0c7d442f2a990acada.jpg,Nan
a89d9bc9d006fba3b0d33490a03df5f54657cd2e4e75fd764246de3a95bad728.jpg,Nan
a9024884bc7b8aab7ff0383c95719858352248cdb783b86277c0a7da93aa51b5.jpg,Nan
a97ac6e46bc00599ee8fd008c629eff39f22d25fb3da1ab93597e9b53328c545.jpg,Nan
a9cd740dc32b3858019f8842ec99a4dcc3baa5ae0392d911fb24c32d2f54806f.jpg,Nan
a9de2424d9472ebf7b4a17c15cc4d23d3cf71f08e3f2a154a8294b28f912d0de.jpg,Nan
a9e2c70e4bdde91078dc20b3f93d885e6de557836fb5e038969f7a25235587da.jpg,Nan
a9e4becabdc46848ff6bf7d8972435a305778a3c5e9cfbe2768510e35a99186f.jpg,Nan
aa491ad22d9e378a33e4c0801b302a46f128dc1d29a82bfeefccbf0711e3022a.jpg,Nan
aa4c17ee96fb9643b0e06c89fb35b795ce1070a17678b1ac8270252a15d42048.jpg,Nan
aa6c46bb12ebf0f10d5f606e85bb234f2956f28050e49d031e42976b176b31ff.jpg,Nan
aaa99aa384d38720cddda2fae2e9aad4d2f981f93aaabbcd4e6c500ad7de9523.jpg,Nan
ab551f84975d49e147c5d16531502773668492b17d74c0eb8622b6a5e43c2839.jpg,Nan
ab77224a8aae5ffc9fa7366233e17083c09acf7e1feb34003a9656b427ddc519.jpg,Nan
ab910133fa0252a962347ca0da10796274a6f6b3f04dfbfb0eaadc3e2cdff6a9.jpg,Nan
ababd83bc9605931820bb22039061eb8551cc71a07cf78b7d4b93e04b4f086a3.jpg,Nan
ac04b0523f17f5de8f9e7e9a2886c553181e9aec5bf3b69b43d936d9dfcd2003.jpg,Nan
ac1b8dfb29600724fd49e9654e3f772e05a976ae8091d6c13d9516bc64a73f46.jpg,Nan
ac38643e2980596b66586775bc13e0c4349e5a8f7a02052dcaa4633b3c1ab73e.jpg,Nan
ac4c9dc69254310cb52e065d14db1d20dd9497acdb7e5aca3a8bd1c6f05c3ae8.jpg,Nan
ac5fdcc37ba5408254413543b892cadb31a93a0fa1d832d94f4add5fea7ee9d8.jpg,Nan
ac60f8d8cc40563abccfa500c8bdb976b04afd81b14639622d9a63d9a01b76ca.jpg,Nan
ac7b3a117ffdbb76b948fd9c7e13d581c3581ee93ea4fc1beaa370cf64ac9c67.jpg,Nan
ac82809181702ce5addbccbdadbff60e1c35edb96b6f52c1253ae45247c2aad5.jpg,Nan
ac957b7d8e1ee153fcf73c33dbffaeb3131b459bb927f0f5e701282da5c54286.jpg,Nan
acb9461a8b8233e52c2e355d7f00ffe240427038e8513dc52db603eb370e40d9.jpg,Nan
acf82e559809d04a4dbe5699c0387e7bb55aad89f646bce72c9f0380288f2cff.jpg,Nan
ad39821f4eb49e4ae79169c62218298b93d92b4b26a93157a2b75b8a40d48ab1.jpg,Nan
ad74c9a924753be0228f6827ffb25a6dc37eaa6222fceda949b3a7152db182ad.jpg,Nan
ad8a8c98d98e4a960b3c32b07b6fd05974e490e5d1867fefc92d546de46f5f71.jpg,Nan
aded0e88d43b5c5eeca4b46e015e1cdcc92f0e5ff8c7e539fdbf83e7538f33bf.jpg,Nan
ae14beb874bb1734b5c1605e16d564bd9ac30d40538acec46f713a4db155828a.jpg,Nan
ae2256201422020235954b31d0ca964ea8f0ab4c8c87727383f030be9ec23bce.jpg,Nan
ae549b38f40788a97e86ab981ea6d9f4f1b694b6684fab583fd6286df3519c8c.jpg,Nan
ae778e408c1fc9a39a4a72441aaa0d37c6b09ac2881d00f02f83e0af0206010b.jpg,Nan
af096bb65375a7ea98dba1932bb191321b4e301a226cf26cb20484a5b626ec63.jpg,Nan
af23342f7940895a186c2a5fbccfc9efb2ef370efab9c191e586e6364ab33bdb.jpg,Nan
af4ec794c38b4dfa9cfc56f0ae8cb99f1dc1e502c45fe3711f86be69c9d7674c.jpg,Nan
aff7891a4633ddeae2a7cdabeaaaa4709e2a44919dce2891e9be5e3b5a09ef3f.jpg,Nan
b0518aafa02fb1fa26fdae8c7017de292931d5c9d416de01794fdcaed6ea9b46.jpg,Nan
b070f711689e75e8d5b1014b8da5688eab8e05253c661f9cefac54b279a31921.jpg,Nan
b09424303aa1a6799e518e70b674ef1d7a35acc1d36e4024a961c8c06ac61fdb.jpg,Nan
b0dbbbf6698cf976fadf5a780b3c28391ab4f77b03d4a3d47ed05712f5a875f4.jpg,Nan
b0fbb553767bca99752fe45df2a4ea36d91a1bb15a96b54a9ed79eeff03826a6.jpg,Nan
b0fcc1b813f4ae7f066adee7c7c5c6f1d73405f4dc07913f6a76dcca031c5fa8.jpg,Nan
b14d1a1fca3ac20454da271690d69206a6bddb4ddfd1370f5179e33b09c51935.jpg,Nan
b1738c224346a13ec919ab93159498b37b4615549600a9e3eed3bef1c1eaeacf.jpg,Nan
b1d41df8caea472756aca93e7fa277dd70114464f38ae0545eb93dc59fe32950.jpg,Nan
b1d74de8b35ff31c2f4bdb8cdd76a46accc7908336347c9ad46a36084aebe04b.jpg,Nan
b266ecfc78d1aaa29e80534c1cf8c2527cf1f66ca6d601ffd6fcd15e57a694e5.jpg,Nan
b27d333217573d28dc50f04ff53a8078129958a097c44b2c07b0702e81adfc78.jpg,Nan
b30edc5fea7f36399252f91f8c353b63eef3fa8e3b723828750f1100700f3e3c.jpg,Nan
b3a3a4fab8feb147c7e4b3fb18163b98e9b12749a7413f08bc1576686ad39eea.jpg,Nan
b3a773dffea1b28635eec02763052d17c8e4135418ab95d13cec7602ba9c3456.jpg,Nan
b3e079c255e8767fe86810d3f39a7819299869d9ed2dd627d12bbddc2f6fffcd.jpg,Nan
b40100c08b9729a322b74845e2ed1d5aa0a96641727e027d96529014dcf1a1fe.jpg,Nan
b402a62bc708e6a035f9f9fab12f587d818667a447474748514e4d56896b96f9.jpg,Nan
b4695ee08b56cd0411547e7a39e52e40a7fbab51799710cde26afb912d0c2adc.jpg,Nan
b5286311f7d2987a7ddbd1973591fe1fcb4dda414777d9081a04905a4769e3b5.jpg,Nan
b53e67a56b92c4d70910ed94734ae41c56c73018f20ab7b0ea205207dbfa444f.jpg,Nan
b5cb49f9fccbb24ea337bd60b57347bdc36649f74b34ef373bf58d8c8b02876e.jpg,Nan
b5d99f42b13e2180788cdbe7da93c89dc338414ae9c948965235e7aaf5240a03.jpg,Nan
b662a51a2315af881fcdddf872c0a39793822bd07c9cfbacc0a2a7994ea5305b.jpg,Nan
b680caedb78d198b31dd536f490eb9b1cc1b6dd01786e62f1db9f7637af73999.jpg,Nan
b6bdbe8a86a48daefbb2102f1c461a81218b5a411380a6f9d7601a8717bb312c.jpg,Nan
b6efbe2f82b978a048031ef37551358a57f6e46a1e48fafddf006cf8f65c1232.jpg,Nan
b74cd2370000f0f2a7382fcf77e6f319847a64a262bc8890c7e34bd204df4ba2.jpg,Nan
b7f7bbea3df9b1d23a065f748dd82880b91d622873777cdbac7d48ea3bd22515.jpg,Nan
b8179487431ffaa504f8c58c3ce882b27251a4cae03c85a5334efe007ac9c841.jpg,Nan
b8745d2f5624be23573fb2dd85598e088e74bb2505464b4f44534414f0e66726.jpg,Nan
b8fb1b7be39d272b8fed6817e77d705983bf0aaa1e23a6176992df8f7135d135.jpg,Nan
b943f7f0fa08a0c152b48649f9f20a74fc3bf641ed407a1ca2f65fae50b61d03.jpg,Nan
b94583fe7de5fbb7f7ac51aa77947145be50f74285b486c61bf26f6c9348afc0.jpg,Nan
b96276fc773887abde2122076768c07557b79f48922183b0f16cf40bb376b840.jpg,Nan
b9c0584688cab4f6976b50952d70c019b1ae481890724fed1e02ca945d8d516a.jpg,Nan
b9d844d1c6858bc48ba90845694f5925010357a10e9b6122133c944ad81611b4.jpg,Nan
baad19df6f8e98c3f0a7a4d21c4e95e87258c9d0b968a6f3e76cda6af90696b3.jpg,Nan
baf0f8089c9c911201ff161ccd2803d2a82fb9083120e19fe73c4189696fb1c3.jpg,Nan
bb3f5782cac1991befe0d7681d4833aa3922b860a783e78c13c6407d2411bb4d.jpg,Nan
bb65aac550cd320d55e6c49d8fdce88cd6b123613b145b2689d2195ec8e1e6e5.jpg,Nan
bb6cb084099672bd5db8824cf0e332c074071433b63b588f79baf76ebdb5080c.jpg,Nan
bb72c86d5c383b353dbaf6d336f2a86d0002f46182062b0b3c2fa8c5d40f990c.jpg,Nan
bb8c48652ab83f5786a518daee42080ec9bd9b694570217d05113f2ccf25e086.jpg,Nan
bbd36af274bf94fb0b7451953ce8964ed8ad026515282c4e797b4c5cc3aaa6ad.jpg,Nan
bc3d1e0d6c3cd0eb8d87ebaf24e350e7d5078184fa16cbf179dae880ae0468c3.jpg,Nan
bc4fe172d64e9b7ce51d4a90ea0b466783428238e9e67e451588f1d5c66f474c.jpg,Nan
bcb1063938d67a5b181bec63fb43ceac776ac0508f4ebfc0e83fdb7de012d29d.jpg,Nan
bcead82ccbe0c510d3b693d1bff5689fa3bf60c4bf496033b6bade0ae38e536f.jpg,Nan
bd4a49623e04ae4cc573d2964a0589fa8a4730c1d43dea5888a8d6e21d352f76.jpg,Nan
bd86205ab7be150f044fcd720583131a4d3fe49f207e231b024a63fe480a0925.jpg,Nan
bd8e899e56c5a6fb870cb83e8ec3c32f73ca37b026bb80d64971a2ddb98d0e2f.jpg,Nan
bda3396b3682ff62e5c9ecc6816ea860a4de02e340a7ec509fe5dc22b7b264af.jpg,Nan
bdab29c46cecde70d4ac06c2280a9e4ee530f2b9812d0a96e404308ed86c8ddd.jpg,Nan
bdbb73832dc643ccde90bbc438ce8309c403b85e1c986651c87fc98fc010e6c4.jpg,Nan
be2521f80fd5efdbd3c607ea37b9673452ecad742dde28dd57cd79b4ac9aacbf.jpg,Nan
be25de2606dd1c3a8efb47fbc24e5f67ff7124609f213553601a5ad5af354cca.jpg,Nan
be263a448073c1d2176896b12b8155b75fa3150af7344172e5ab99939dd249ef.jpg,Nan
be3ee8fe4ac020cdbfaa3cb43ecacf69865ed979bf923e4160c1a3007116ed4c.jpg,Nan
be5489f30a3f44bd3e0646bb4c15663c263176f27131448131f7ce76aec6f075.jpg,Nan
be5597c9a42474e093b4a6381b30f0eaf71f52acc5c9e779f3e72fd07571a46b.jpg,Nan
be5776c6903090b03ff670d9167cec5a7e9c12367d302730f2b87d153de39131.jpg,Nan
be8ca9cbc2ddf45eccd6ea440653ff9f601dd5752461b95367dbad4a3d0ec3f0.jpg,Nan
bf2582f98e9d098ce7690261b686ba6a3e90b02e8cc116a974ef91cec88e29d6.jpg,Nan
bf84b35fc68f55f5413bae7dbdf80a32926cc1c9ac6e5afd6734d85df1ea01f8.jpg,Nan
bfbc773cd9a0ed984042a6fcc8481b1fda2a360ec17937b228a033fa96943731.jpg,Nan
c004cc4aaa73678175e1885ee22635b718216ab5236032b16f830cee2d5be1a4.jpg,Nan
c0964d308b0fb79281fa0bc05f19a2c4cc50ecaa9377c081c2f7484ff6ab8d40.jpg,Nan
c0b10d7fe4cea253e9ded22c89d782f46d0ea7a5254d4e1353dd152812f89ab4.jpg,Nan
c0b740677a730299ab3ac5f36484375783b321427afeb5887885e6989f113448.jpg,Nan
c0c6f49bf569492a548ce4903cd12e04566bc71a58f9d15f7874dbfe9e410316.jpg,Nan
c0d0b90e9f99ca6a655255ac701056268b2f1e77fdd5f2ab40389a78056304c0.jpg,Nan
c1054964b2da9e61fb82e1e016b0b325c101eefe40a14ce5bbe82824127f0ebe.jpg,Nan
c12f2d17fa7b6d16335f4a0451280e2891c25c22dbca884e6adf7b1f8364b2a2.jpg,Nan
c130087a4458e2eafcff82f0416c9e8ba5f0b7dac9aca361dbce2375860510b8.jpg,Nan
c1ad10c22770f5a00c6e4fbb195e9bea7343e47d45ae5e28be8ca31e5db776f6.jpg,Nan
c1afbae30e37b6f89ae9127d34234a15164f1aa9da52d174b6290eb064beefc5.jpg,Nan
c1eae0e0d1c1803ba7130cf09314178f9faa0c8f29b022444ccc6c184c852ae2.jpg,Nan
c223ea46d939ad619c06d9d22a897cca4857bf7128c095537d92145e6ff08428.jpg,Nan
c29752ae1578a172cee23ed9425ca599227bf802712cc5f461d546393dbdd5d5.jpg,Nan
c325c37f36a2c55c7f94ae3cf2a612abccea1b27aa5445940fef8547f1c6ae01.jpg,Nan
c32e028561be4c5bd5830aaa522962ce555595f1799168873b0d82e49338d333.jpg,Nan
c3800c6ed1dac437e69fd36ff42fdef87c2ea434b2a6f1c8cef52f783b771b4f.jpg,Nan
c3b39bf9179afa44c8e0d8cb14c164e5bca64b95137d036561d82ce082794e8d.jpg,Nan
c3bac535bee16169e30a2873b77d87b92d699bc084c831c749501e4251e0f5a6.jpg,Nan
c3cc1394853b5505f6d5ba3b84f0013bded622623b1f5ac09212110509c78db5.jpg,Nan
c3cf8e1afdc9791a2af4f2352ea7b7d86176ef7eb3d7b762b3950171dbaa9ec2.jpg,Nan
c43b461c443fa2367330e17bb2f2baca2aa31ab7fbdcaf646d10e0801a91b56c.jpg,Nan
c486ab933e52acf25ed9d37acdf0ad4f9a5fd2b01abe59370961696dc8fbdbf5.jpg,Nan
c497870b8340d0e9e73cb257f2c3376d7a86e6a7af90428eae2bd1f900380768.jpg,Nan
c4ee93b53c408f4fa069a4441a8b08b64831edc924d369f94ed7f0c8753dc348.jpg,Nan
c4f29460b67e8f8ae37d117b42097178bd3a2f0bf13d7d415646b1043b01e949.jpg,Nan
c51184b6b1e69eb74b5374b41e9e0db007e3276bbf73de37887b483f60b281ef.jpg,Nan
c581aaf5096e326b557898049169ac3da0785a0e788e91f2687763b9e2138d18.jpg,Nan
c58ed93a637220ee9ea2368225cb7072089e6d4b067fc9b7a263ff3cd5ad9ce8.jpg,Nan
c5a4ce0169e1ecad3cb63d1c01399376e72e3bb5f56d8c4e9863f6f17aa15129.jpg,Nan
c5bd6e20797b1d1e0ac64ac02959bb55a8cd93dcb22a2570166af0a1dfc3a5ab.jpg,Nan
c6487e46d3140c16bff1bf6ed71af44b73b9d15cf7b8a1f0311e120e78ef5120.jpg,Nan
c66184ec8f6fab0b98df76172a83b6a13e1c7c17f71ed9297895f243e4a3ca50.jpg,Nan
c6a028cb41ef9d3dc8d5c30af6205467bfb019422ca1dc0135c8aef848655965.jpg,Nan
c6c942891e738d45ac59ae99fa4e6c37154cad98f7fcd134ce74eb7be0b57bb5.jpg,Nan
c71030a35c55b9039bd8fbdfe47e3d1a85cb053cec5f006301948ad56da36312.jpg,Nan
c7f8d77211c63d7ed673040ee5a4e0d104309ff62f3b768635805f27d9e40467.jpg,Nan
c80024527c308c73f689b0a593eadbd53b5bfbe3fb84d8d53f0746b9d3bed4b2.jpg,Nan
c807c8e4b79f232014a0848aa142cae6c74ff8bf685ae75e6bef07b9eaa910a0.jpg,Nan
c85209f21c06fe92fb2a5d29fcca285a9a9ee7b9c13c4493bc385e40b2d2f2dc.jpg,Nan
c876fbee981dc0694758629e18c189b517521ba88c28f0614e7b594b7a532d03.jpg,Nan
c89be1d26cfb9fa3fcf5868bd2081d225fd3be4a260ccfa26aaa64d1b7ab67c9.jpg,Nan
c920ba3d83bb9489028645fe93e108078e2d7476d20286a7fb820c72acab30f6.jpg,Nan
c9c71b1177310c5ccb3bd44a7fcd7d4f56992c33555201b9633160f94fd0b2ea.jpg,Nan
c9de1e97e9d79ffb82f01db7dc0394d2ceea4a825d7db719922938dffb27a885.jpg,Nan
ca14055d19a93ee9101c7d2dd460f92e9eb5e6d0fe290fc588fd7fee9d8aaea8.jpg,Nan
cac09e57ad49f1abffef430f3f3987025e24a8d3da3a1345f062d69e903ec6ea.jpg,Nan
cace0ebe5da82bf7579e527bb2b95122b57a169b11c63d014569a81142e93f2c.jpg,Nan
cae2f2965dbb2a7a1cf480b40d1420a1cd143c35dd4b7fb09411d81b8a8abe7f.jpg,Nan
cb61e67dbf73e85199f39056b2310a5d5094b9d263a7291ca4cd6303c261be8b.jpg,Nan
cbca7a256b0b0744ba6822b4140f697482eee591466a51b72fa5c46bee6fa8cd.jpg,Nan
cbd59ad037b0e69a5d5e687fcada51128e138b184018ae84b87ecc9c4e3160a4.jpg,Nan
cc365d8348f98547876808c4d19a3f5749228543e765b85ad34d673c6236e8cf.jpg,Nan
cc62a3956a21ab99d909b812c287281caaba0d7919bceebf16d3df41476c2ce0.jpg,Nan
cc67a60c2794ff7e1bdd827fa7cd51e569ebef41cc8055920c38450656fc218b.jpg,Nan
cc742b12363b3d3ae0696863c02ec69f4b92968f030dc9c2c03f326ed1522e3a.jpg,Nan
cc939c8b6b6f0ccab3d117cfe92fc85961cfd5292f06c90d3291613a1d437b80.jpg,Nan
cca0632093fa4072897fde6f60163206fb620e3a58759109fe022a949be0d4f3.jpg,Nan
ccb1c9d0fe077556100a580ca27d60a6a95a1c5070e32adb50e2a0086bb26d36.jpg,Nan
ccc5b5ba0ac17af55a44c2861184e7ebfb9eee224806135f3e67077e3b02347c.jpg,Nan
cd393f0ce139d959cb88fac933e3cf3f638b906a1f2e7fe86c0061dc68121d4b.jpg,Nan
cd3ac34050cfa991371b018585df4f3cf6f86a8f55b317d0c6e7eed25f795e98.jpg,Nan
cd97203b23924e8689d629e8597d519f7246ed94c001826b07bc74609c8e0218.jpg,Nan
cdd15019340f941f57caa75130741679e4432e2e0ccaba6dac62c09e14e08086.jpg,Nan
ce52f2328a71fddb7415458d79b42950025c8a16efc44d07c2c3a3db8dde20d6.jpg,Nan
ce75d40361ccc074fb509d48038bd2ccd96781557bea371fa810eb0c337ba467.jpg,Nan
ce828a2b1421482cdd2335b8cfe0363c8558fc86cf83dfdfe2bc413b87a66d7b.jpg,Nan
ceb2791f7c48bc929a9f771e10b5b784dedac39106a32e011f5d093f9815e7f3.jpg,Nan
cecaaf0fb5b0096ba61307f3fff09c273b5601a7f995c99ef89cfd3574257388.jpg,Nan
ceee9507f63034ef8bca466c5b3a56728a6324a94900e30b27587c86aee3ff19.jpg,Nan
cf2229f8b537371bdaf2a70ff96eba02b1848d401b13578fc9faaccd3b9e5917.jpg,Nan
cfc2e9c28ef726e34b549f0ddb52b383c48fa6c2cc0530c5b07a553a90b75f96.jpg,Nan
cfed2d01871b6db9090a5851bfbdaa312b2a6a46853bf9f1bbaf86cbe46ec67a.jpg,Nan
d00bf456f5b5a383812527bde5d92334b628e291134109fe60bf807e8a4212d2.jpg,Nan
d01f0687cf90a749dda853b2fc416bb13aa94880c823cf201f152c9ae0a2fda1.jpg,Nan
d03cbfb46f9dac98f7ab5884cd141b9d190bdc9d27ad2ab8b0d1976c09ad84bb.jpg,Nan
d08f4a107b32f4a4d43a0c78483955da6c6a7d60bad5102313c639ded820958f.jpg,Nan
d0e2d49d30e7e45fcaadb6a21137afa5cfcf0e45c891fa488103718cf4abb4da.jpg,Nan
d169dd40dc0ea13aaca55f5c31704e22f35928540b31fc1a90fc8300a64d8083.jpg,Nan
d17bf42dbe0ef73c71676be4ab6bdb9893e2378b1946aae50e703943fe597115.jpg,Nan
d1ae996f4f27c59b1d1addc0118eb1755dea080b87c404df87eb16e837e398de.jpg,Nan
d1ff6aa1b4b1805c9ea82ce840c284c966c7303c882eb7154d0dc502e3431650.jpg,Nan
d23ee67b9265440eb46928986d4c1600c3dc78090662df0d38acc5373c1627d8.jpg,Nan
d26bfc6c3224234ad3b95e7e913baf452aca3c6c209e984826c08202348f330e.jpg,Nan
d3c6f98dcf0e0a0a4380c18a3b23ce14d35b0b54cde46cf35e98cbc40ae8de69.jpg,Nan
d40aec7f3973c830577c4c2c6cd5284ba93c77506e952384d10ec38db4063851.jpg,Nan
d418c814755f5ff056f3397ea685cd7c111be4fbba9ee048e1ee26611b494a6a.jpg,Nan
d4380567caaa7b819a2e47f077cf342b5321cd8326eedcab9f2c5e3c0894c883.jpg,Nan
d44010c84a093e8888cfa6e258d4dea568003deb2bbfb7bce3297521349bcb07.jpg,Nan
d4be10f6bd0c714fb898245f650077371dd890fd285f1a035478055544d06790.jpg,Nan
d56500e2908ae45080b8f67c61f4a10b85ab3b75ab40347735bac8121d6ba097.jpg,Nan
d56d27a28ed0a6c4fbcd975f9fc1bf11757f98a330269e2d698a3fe704c5ce1d.jpg,Nan
d5f9eba0b243a1502c7a20f5122bcf10df898f638160f0aaf35f00946f16e74d.jpg,Nan
d66918b502b8bfe83fd8d849a1d1024e53c12885f6829b7579f0d1a263c89c23.jpg,Nan
d66a663c59a6fd3b1a7b990cdaaa19a18bac4026bcd628c332ce0ecf0d2b28f7.jpg,Nan
d6a06a531788a72cc20912de02e208fa7788e51e5f80a6bbaed74a60f40a1460.jpg,Nan
d7086600be4e5670ff646cef9700cb382441e724e61790ef1b95c2616e2c709f.jpg,Nan
d718ebe885059a62d53930c317d4a6bf49b95f51d8db47439b17f9928b80a87e.jpg,Nan
d7d78060460121ce72e7d358027b5e7c508694859d967aebf55fea5481abffec.jpg,Nan
d80397026c4c72f17d2bc3a28b91b96a1993531c7b2d23005a1fbc7506c79d81.jpg,Nan
d8141dfc5995013ced6e3cd42919d6450307d1f7826851422b3b344dee24300b.jpg,Nan
d8763e30ff8ed6562bec2be32af3c32ce85b6ba19ae4140b1202fc6f92a559e4.jpg,Nan
d8aaaff5adbb0693ad65bd83fdfcf0adfce089c034799694f678e4b2c13e1b22.jpg,Nan
d8bd64b36aebefee9f5437fbf4342c679f7bbb4e0266e28a86d12e2a6dbdb8cd.jpg,Nan
d8c0217be40165b84c761f99f047fa4358834ff30e375137a07645bb0d14ee2f.jpg,Nan
d902cac914d55cc035023a779f16497a3afd4239bd4011177fc8bff0b2ec1309.jpg,Nan
d91d1a4b264356fef10d5e588814261dfa316c76210a9b018a185dd3752c915e.jpg,Nan
d96900e9a2fac4d100b7fd822841bb02ad8eea27282b9280d8921a27d181457e.jpg,Nan
d97607c37de4b37d4f3e255c359e23830df5adac1988056cfbfd388361478f74.jpg,Nan
d99047f419af3c8f32934212078b6e37f686d67595b97a16a025792e12ea0ba9.jpg,Nan
d9faeea7ce68a46c80c12115cadbaea5715a8f332a6c888c2657205674698009.jpg,Nan
d9fd4f264a450241e46a909f7d8d9ca564e0a0095deafa82d84d87f698f0538a.jpg,Nan
da2bd1a44e9a6f92708f8d558acd241d7e5b4f31623c9c3d8e9a5c0f1cd54e33.jpg,Nan
da393b19b273649d38ceec97381e6b0731e3ee2a753c1a3e251a5270046b76e5.jpg,Nan
da3f550488a0bbc5c2765ade1f1541e22159829c8c22b35dd8f59a53e5a1d27a.jpg,Nan
daca24029335218f4fd56d744fabc5b4b0ee68a4c69be8616b7d616519b1261b.jpg,Nan
dad3207b8f333535cde6daad3094721774b7abf95baf9bb2088c11dcfdaf9978.jpg,Nan
dad8bd325eefed6fa84d8ce08014dfdcf02bc146459e9e8f11441c70f16e94d3.jpg,Nan
db920cef87fc606a331cdfcb9a52a30e4aa43db00483d9e0ed225e0473062843.jpg,Nan
db938b8a284ecf4c7d6d5ecba4e58ab476e7cce115523ba89c018982b9b16552.jpg,Nan
db9ecfa35b4ee2a55310961f95a26c4650bf2f5642b464827406a4224741c47f.jpg,Nan
dbb87f6793239a44e42fc4e9a9aa0fb0dd8ebf90cb89b88093f714ac85645724.jpg,Nan
dbbecebb830c9d1950b58e8fe08f2f26e22e81040b918ea17f154de1b1180a56.jpg,Nan
dbfc75c3c06cf4d485e1426e36e570b6aa94a1e508c5b38ba4214dab3801db84.jpg,Nan
dc116e9881c6243eae3531088556bd0f5a4f3554e8b621dc15e3e02422d6e301.jpg,Nan
dc405ccbcfbf6119a67bdc7ecbccc5b6426e0bfd731081f1df69b8891cda2165.jpg,Nan
dc41446ea713efbaebc07c6f3bf87f760d9ad5021cab5151a5f482c82370ab30.jpg,Nan
dc8c48f1af774e4d8f7a96c788eaa72ef7f6051b3b19848a90be8ef87e31997a.jpg,Nan
dcacabe28b3dc682c0a1c36bc02fdfb9aa6434385bc3f754c3f8ea398af4e52a.jpg,Nan
dcae0aeae999fa7ed91f3965612e3fd6f700cfd5f4c9897bd98fab913b624f21.jpg,Nan
dcb199387a1f15599f09a64533053aa4237664dc72665521117dd944b8ed6329.jpg,Nan
dcddc525846b708227f3ceb7493de0846a6dde64d097a49a8169931ae6517989.jpg,Nan
dd02e23e99d36ee7920bdad5ecb5e9ffcf60882c3c22e2668d4bda59b3087499.jpg,Nan
dd33c6e329d6d2a6282e55f55408aa46de484f903e6d5c2645fc0313d08673e0.jpg,Nan
dd69aa630243e1442ba7022d3223ab7398b3747353c48895968f68c4b09e9fb7.jpg,Nan
dd93f4217613959f95108853711ebd83f202d0339f18d4e565ef12e718f8b712.jpg,Nan
ddbda74f138e276c1012f1d1698b8c57112ef4be758f11484b868306b83f1d93.jpg,Nan
ddd8ae684a592eb0d9cc54a559a10335c9592f293c07324431e5bcf703cd3f1c.jpg,Nan
dddf01787a91519d27b73465a3124e12ed30d13cb231063233b98f731f2b5e58.jpg,Nan
de798d404c8e7e199469557cf9b038efb5969f599412707b8c7f41657da50bce.jpg,Nan
dec14d787f91e2c75d3bfa30be83989e03b6a34f2a381272be05cc945f00ad42.jpg,Nan
def42b9758baa42170f4c278cf49e5157fd3cf7ed486433a95e2bc6c0d4dba45.jpg,Nan
df3ac613945407085c2c5a7aabf9aeab5e9b887bce42e5a8c5b90d917dfec820.jpg,Nan
df526d2aa7068556cb2293c95fe8c3a6838db84cd7dd708e50da48070ad24dff.jpg,Nan
df89a0c65f39bff859c658fa027cded95f54012aef90c8589a0965ab3bff8287.jpg,Nan
dfc479fa71a2d4650d4444371d0e9c43c7593f91f67d2459d43d44defd73380d.jpg,Nan
dfc70b573c7f1a960def3225627c61c89477cdf110ffc8f7e4a70b1a473a83de.jpg,Nan
dffbe8e47ca6790a68813e5a71877d12a1db8d6d7e7f68708045d7bb9d384894.jpg,Nan
e0c7a1a695d40e19165820532bce74f67dcb1493245f26d3849f20828b620035.jpg,Nan
e12f6ecc4ff7155344714f20c372828dd6b28ba831f0a2bb638411c46a61c2a6.jpg,Nan
e142693a8eb5e593dd5bc4d111993ca30851caa04889cacc2b37a3903b248b5e.jpg,Nan
e18fb8082a13477b9d1c2c3111a22eba05fc54b64a02a536e093beea91171bb6.jpg,Nan
e1b1b771474e33e0005205aa97e4a3a593706cedd3ec88dfc8af5643350ee632.jpg,Nan
e1da19d42ac522a79e1947045ab9a6d7c6527d13131e3caf3dc57486e57bdbfd.jpg,Nan
e1f4cc10772323392b3036422fff2a353f2e2fe3731b0d7252fc7f7a6b6b1e7b.jpg,Nan
e1fe38e2f41b2aa4efcfbcd52e471a5126350ffb679b8f3ddf6d48a8009ad05c.jpg,Nan
e2113e0cd5beb213fc220eb95f0f0496026b145f234bee08deb425e3299c5d04.jpg,Nan
e213a475db1edff4a2a361383ef1144434a5fb8f446307d714c43005d872c583.jpg,Nan
e27933c2cf097774a5cbdfdd38aa436331d165fced2f475b8c4657d767bb4aaf.jpg,Nan
e28debb301736533e9fd71b1b2430ce4c689d6b60803412c4c430c2730ee1178.jpg,Nan
e2d2e2aea1887fde63510bee6aa9e3428b99704d85b8e3d82bd2228c8838adfe.jpg,Nan
e2d6770b235739824e2916be38099687ad2501f3aab4e24503057ed2e6cf2bb1.jpg,Nan
e309ed8b11ebb9381bc9949e5dbf8f75f1226590f8aaa7f670712c02d5fff8dc.jpg,Nan
e322bd99ad13ccc4b2f666607f01cccc912257c0496aa4fd6b73f1c092f7c696.jpg,Nan
e3262806be7f7ea1e2996651839e408b048360b5a3103caa620832f5e205dd91.jpg,Nan
e36570abf91acaab2429dfb1987f6a557b2dbfaadd4431626f2d357b4afec9e9.jpg,Nan
e36e0720d0b8732a4a65037c833357d9c463e6119f20b0629fb75df57a4f565e.jpg,Nan
e37f1db3dbc02bede9d88ac45fbe847576acbbbc9e57c9f5304d8898c079aa07.jpg,Nan
e3a77cb789c449a315dd3df1bf6a55b4d071855b5aaf28485c9e4ca1af433dcf.jpg,Nan
e3d6c2b61da0c2eabdfd22e9ad1cd6f2a0bcc7eddbd13e9d21358bc279f1b71d.jpg,Nan
e3e3301d52317d3f5173a99f13e985366043c6f6c750b65e9bac135e5aaebaf7.jpg,Nan
e434686f02d3321edf76cb22a064c161a56545d0b94b261a5ce403a1a6776467.jpg,Nan
e43f6440fc4e265d4c5e7fece5f914afc8fcd86aa6904f946cdbe50146c6c713.jpg,Nan
e4b9ea3f6c3bd545bed80f3d93cc6e124c7a648355e36f06d8dd028c73ffee6c.jpg,Nan
e4eb82a1369e44369f585bed60ef14be47314f348cab1ea209ff2da24b5f799f.jpg,Nan
e51ab5a9d12e075a12a7ba975114e51ef02ccb7643ad3621e50a3a6962d3a22e.jpg,Nan
e60e3316787b57af068df1da5679d05302516ffc3632b5a2dc9ef4035389dfad.jpg,Nan
e611c8c7af0cf42092505287fd0026d0eb81f15237f03287dcb1ec8aa2ca497b.jpg,Nan
e628879387fed2eb336cbcd202321128c89ae368b45cf29644d53acccd3e0f6b.jpg,Nan
e650cdbaa12f36e36862587f72936f7164b98bae60ed63edf1f5bc108e3a1044.jpg,Nan
e710257dea788aca8cd95405d692c3c86fea29d2055e7179dcd2e4bff732463a.jpg,Nan
e7414f41bf9a8b4b388df55db9e89ff53191216d01844b6667d1a3a3e9feddff.jpg,Nan
e7b98dd08a15d11fd5c36be5b4e8cb810d3f7f4707e9e0b0a256744e6179efb1.jpg,Nan
e7cdaab6b6c9441b2abf257caa57da1499f91f4a34a7dcc1e729058dd4ae0e10.jpg,Nan
e80564501e4b107bd0bdf12449b6f1f999d5c54714039005b9019bddb05aeace.jpg,Nan
e825d23cce6a5625f17d72747a6bf62014a0f4637cf56ad1665d4505568c5d49.jpg,Nan
e954a2477683c0911a4f89b5978dbdce60ea398edc33c4e9077c46fe2cfcef52.jpg,Nan
e95de86b1adc9e5df4fcb3c6511496f8429e1b2d786361163d9d1b706592a2af.jpg,Nan
e9fbd098f4052721bc3030fffb0d7680893367f4ef3da4e1de3502cbb5c08a7e.jpg,Nan
ea31a4b16d2f8320dceabc1cd3c7f87220d249a52d6cd84da1f8b3232ef697c2.jpg,Nan
ea55b5abbd986f1b8b1d1e70b11e372307090e4c25fc3609b181083b115b2896.jpg,Nan
ea942d12f7584c6ab8724bdec25a48008d00de97dfd5528faa9f5053b42f105f.jpg,Nan
eb2337b100c60b64a52996b3acd1eee11b2065f9c738609c769a0cf51aec78f2.jpg,Nan
ebc691c2b0c1bf55d586af646df6809edbc53e487ec816d48a6e9415d943fa67.jpg,Nan
ebcfbf1caf4688fed5adfa793706322ddc606a59a4fba6f57b7cdc4d781d0692.jpg,Nan
ec2f47b5da184b6714cba2286b620267328f83aecf1edb242e7449901f81e839.jpg,Nan
ec4d145865ce12443f52f1d13fdd69f0e34386bcd99e8a272320db82fa28712a.jpg,Nan
ecd8894fa71ca718042461a4d719844c18682a16d6ba7be8577de4389d9f55cb.jpg,Nan
ed2d6a4b87f04983b715df6c36cf307a0813ddcecc40692a88bf6c30ea25a943.jpg,Nan
ed48eb55b707993e06408775de102f3764fd33b079f8810164a8ef7b446d0cb1.jpg,Nan
ed7b7e049264b9fa260841cf40c8a260e65bab78371f57a17ea0760927280786.jpg,Nan
ee1985f5bb3e6a2bea589cd34bea777cc6ddd84e30f7e9a04e65a0271e8aae0d.jpg,Nan
ee240ae7cea4675518b52539d3eb495da642cb320be1956d73fc0aecf3f4726d.jpg,Nan
efc9f392a8ed3c618fc865817b16b1a70c3ed5c25120c1c4544a488cfb9e4267.jpg,Nan
f054161c1683c3a8e4e090f782ebc99ae36920896e726aa991b428389e590d67.jpg,Nan
f0b76283a78e6e66fdbcbc71e34e9681f997412f788d5f5e5ddf759a98b1838c.jpg,Nan
f1497a077a23a604904bc46482a2559208da2ccd924930da9d57b7178d35bef2.jpg,Nan
f1898f8cfe1fb7717686ca52099f7352da73f461006a396c48cb685c06cc3df1.jpg,Nan
f1a308b0c0ed4dbeb4b76d7f0a61f8698da1a7cd15ae9862819c1b1eed1a6611.jpg,Nan
f1b23e023261b30e7ec3c15510cae1f67ea034d12f041aa49d596ad63767627a.jpg,Nan
f1cad3a0e61426f19ad0afcba0200cc3d00ee0e34a10e62102b70f59c49fc4e0.jpg,Nan
f20597f2243e5ad0740a0988d5e4b023f257d7d99ee5f76c563abc62d928ca59.jpg,Nan
f23e6d9160eae4ae4aad486db32287323e007cef43736a7a641f23589bb4de93.jpg,Nan
f24b0c0d37c0ab2f081c44e9c1cd5d1138c229789c0a8db8bcfcc6e49af1d30b.jpg,Nan
f3b2eb3699006b66fbf643430a5d46afc3cb2922f54ddac76ba85034a9568392.jpg,Nan
f3cd759798ccb407ff37d1cf7de389b7c41a378e584c7811192a293ce42fa6a3.jpg,Nan
f3d283870f2b665841352401ccae69a66a8b1805f2902fed892a28b3b064c147.jpg,Nan
f3d6032905153398f71d50151762888d6eb5e6a09be0a3ef88b59bb1b8e6caf0.jpg,Nan
f41befb00d8bdb97ff11f5ed029cafd1d2de21940adbd4aae0ccabc5a39eb06a.jpg,Nan
f47fdcce83a75304715763736b9e26860eecf99b0d2e949deef8b0e0e8192015.jpg,Nan
f48e77134dbe6e80d7c47ec957085e23900a4deb99999006b6ced9805fab0ed2.jpg,Nan
f4fe936f142407e21baa5724accb24bb6296a19a386cb5a9f605579670b62021.jpg,Nan
f502b693ba9db603bce4dbf41b59d7fbc0dc84fa00752c1e8adcb178f5d69609.jpg,Nan
f512577321019d82f90f5f5281da366422882cd982581fd9200eb7127c9f8219.jpg,Nan
f5dddb4499e2b426340e9879ce104e6fd4f80b015c4bc7054023c3067665af58.jpg,Nan
f5dec03d9f56614c297c77190e0855697d2c587ad543717f0ead469bcca3da51.jpg,Nan
f625ca22a16cfcfddd52660f85327d89c6e8e282690f0210c2ed051762a7e730.jpg,Nan
f626f5875411b7731d76774d87b54e33d8cadfb1af0f024fc3f32a1ff35f7a5a.jpg,Nan
f65bfca6f92649a938f30dfee242ed45a97ec1cbc048dcb77d4b8cde10d237cb.jpg,Nan
f7cdf101b4dd062d6e22c08ec2e57a9e7407185dae80c308f6864eb9fbb2b1c2.jpg,Nan
f7cfc170351a523d33d297d795627f23d7e34b3dbcc77e1da8fdf3e5eb16a62a.jpg,Nan
f813401ce3dd40e8b68292c0dcaae7361b85fade3a817376200b802cbac4973e.jpg,Nan
f815fce4a3a9db92a700abde289b63ddd85ffe59ad2c67f452d699cc738efd91.jpg,Nan
f899eca6ed324f792ccd9ce901f9970326add5ee987ee6697e33928f34822fc7.jpg,Nan
f8cf7d373605375af3cfd89ab9884a35751e7b2f05cc3b2bfdccd58195c18c54.jpg,Nan
f8daa8826299fec32e2d488cb33a08fb41bccd7e6bf05e1c9d247bf8ce9dd69a.jpg,Nan
f90a09a130082d4c090a4cddc0c5b545dbbdfb82d81c295b127fc554e3111c4b.jpg,Nan
f9340b775690e153c4806e62e1304cfd7720f066bc899f47c4573bb0d5856392.jpg,Nan
f96c72500fa74bcbaa66350c4e08396808ae7ec7374271d636f3a87351dd7e6a.jpg,Nan
f9a6f26840e64d17afed23b481a2c772acc7f9bf92504fc6d12751e558863361.jpg,Nan
f9b50410bf895a44b095913409cd382c4ad4a7ce699db596a7e2980bbad5e23e.jpg,Nan
f9f16eab9912539c04140ea6abbf2e20110d869d10e5eac9420e59bf57111b64.jpg,Nan
fa3c034c6fe3ca1044ff9908989b5d0a973f2b843cf004c0cb300467f070e2e7.jpg,Nan
fa4eb3faa82324502c0437c6cd13ee52aef5fc729f025aa0c289d446ae252ef1.jpg,Nan
faf23a71ffc023bce5d8e20fd057a6cd7d1805a4bd54be5513334c002ffc6f9b.jpg,Nan
fb085cd8418723e4976ade705bad60cdca05a688d6ec1aa4b986f1bba9dd6b59.jpg,Nan
fb136782d1f3e15f86dad1b99cb7d9ec24f240a780a50f2eafd1d3da6231b483.jpg,Nan
fb9b9e31339a8fda37bfa14bc94d6f67de3a3706e3901f4379265841d99f9a5a.jpg,Nan
fbc8a4ba0770e0511d5117357c3fd1d4aab3204b1c70fc99857b0894898f45eb.jpg,Nan
fc6f05f984b31015648f093b41edb734ca950db9eb33b264b31236fe4e79b20c.jpg,Nan
fc8c507cdc1c1f6c409dd49a1bfe38026927115d01b67668e1beb0edbb769f4e.jpg,Nan
fd4343971f4bef477d6c0f4c8c520eaa671f8718e7ec001f2ee564915599e505.jpg,Nan
fd4940314197be68ac57cce1299f08791ff1635fb32f377ba984f31b12accb30.jpg,Nan
fd758e740f931cd2709e767b792e72de0bf63d7c63544bc23cdc50333477da71.jpg,Nan
fd86274bd1f3d10868d80de141dc0364690022b3d92e53958d156d80b75052a1.jpg,Nan
fd87498d3414405064c2768a6b24b07a5dceef0c94ce91f243027922fca18aa3.jpg,Nan
fd91e530c48805467fe884c0a3a3a5b00341407bed0c509008a222fe089046c8.jpg,Nan
fda2794ba01cfdecc2e39a856f0188f11da7162412b23fa9d45af88cb122517d.jpg,Nan
fdf494f48c002c35876646e84d901678aef5800e8abe8fe817ef85b17fd363b3.jpg,Nan
fe9491eb91c3751d5e1984ec44e345aea830688a9633af837e59361143ebc4db.jpg,Nan
fe9bfea227cd9c3174eb8aba430369deb1e071a6ff52707e241351e2cef598ae.jpg,Nan
feead14ebd1f79615942a5d3a465a7d17b1ab1d8b899a0093c14dba003fe4518.jpg,Nan
ff3b58fa4d30be194f8a6c026102078df4885a2c7f9b5388a92165c82fe0775e.jpg,Nan
ffca56d0b9b54636dcee1070f7bca167b1b32d28f0564be72db50f8bdb279dcd.jpg,Nan
fffdc561f17a02a3a2d828e79c962be890ef95e56151bdc53d77698fbfb44f57.jpg,Nan
